RuleFamily,RuleCategory,Trigger,Base,WordCategory,Before,After,Answer,Outcome,Why
"Soft,Contact",Adjective+Noun,trefn,penodol,adj,Mae trefn,ar gyfer rheoli diogelwch,benodol,SM,An adjective following a feminine singular noun soft-mutates (ll/rh excluded): penodol→benodol
"Soft, Structure",Adjective+Noun,ardal (enw benywaidd unigol),preswyl,,Mae'r ardal,hon yn dawel.,breswyl,SM,"Ansoddair yn dilyn enw benywaidd unigol yn treiglo'n feddal; p→b, felly “ardal breswyl”."
"Soft, Contact",Adjective+Noun,fem noun → adj,mawr,adj,Sgorion nhw yn y gêm,.,fawr,SM,Adjective after fem. sg. noun soft-mutates: m→f (“gêm fawr”).
"Soft, Contact",Article,"y (def. art., fem sg)",cynulleidfa,noun-fem,Roedd y,yn frwdfrydig.,gynulleidfa,SM,Feminine singular nouns soft-mutate after the definite article: c→g (y gynulleidfa).
"Soft, Contact",Article,"y (def. art., fem sg)",gwasg,noun-fem,Cyhoeddwyd y llyfr gan y,.,wasg,SM,Feminine singular after y; g drops under SM (y wasg).
"Soft, Contact",Article,"y (def. art., fem sg)",deddf,noun-fem,Pasiodd y,yn 2020.,ddeddf,SM,Feminine singular after y; d→dd (y ddeddf).
"Soft, Contact",Article,"y (def. art., fem sg)",masnach,noun-fem,Mae’r,ryngwladol yn tyfu.,fasnach,SM,Feminine singular after y; m→f (y fasnach).
None,Article,y (def. art.),senedd,noun-fem,Mae’r,yn cyfarfod heddiw.,senedd,NONE,‘s’ isn’t a mutable consonant in SM; article doesn’t change it (y senedd).
None,Article,yr (def. art. before vowel),amrywiaeth,noun-fem,Mae’r,o opsiynau yn eang.,amrywiaeth,NONE,Initial vowels don’t undergo SM; article form is yr before vowels (yr amrywiaeth).
None,Article,yr (def. art. before vowel),ymgyrch,noun-fem,Siaradwyd am yr,newydd.,ymgyrch,NONE,Begins with a vowel sound; no SM of vowels (yr ymgyrch).
"Soft, Contact","Article","y (def. art., fem sg)","gwefan","noun-fem","Darllenais i’r erthygl ar y ","swyddogol.","wefan","SM","Fem. sg. after y: g→∅ (y wefan)."
"Soft, Contact","Article","y (def. art., fem sg)","mam","noun-fem","Mae y ","yn gweithio yn y ysbyty.","fam","SM","Fem. sg. after y: m→f (y fam)."
"Soft, Contact","Article","y (def. art., fem sg)","taith","noun-fem","Mae’r trên yn aros ar y ","nesaf.","daith","SM","Fem. sg. after y: t→d (y daith)."
"Soft, Contact","Article","y (def. art., fem sg)","merch","noun-fem","Dyma y ","sy’n arwain y prosiect.","ferch","SM","Fem. sg. after y: m→f (y ferch)."
"Soft, Contact","Article","y (def. art., fem sg)","cerddoriaeth","noun-fem","Roedd y ","yn fyw a phwerus.","gerddoriaeth","SM","Fem. sg. after y: c→g."
"Soft, Contact","Article","y (def. art., fem sg)","cyfres","noun-fem","A yw y ","newydd yn dechrau heno?","gyfres","SM","Fem. sg. after y: c→g."
"Soft, Contact","Article","y (def. art., fem sg)","cymdeithas","noun-fem","Mae y ","yn cynnal cyfarfod blynyddol.","gymdeithas","SM","Fem. sg. after y: c→g."
"Soft, Contact","Article","y (def. art., fem sg)","problem","noun-fem","Sut y gallwn ni ddatrys y ","hon?","broblem","SM","Fem. sg. after y: p→b."
"Soft, Contact","Article","y (def. art., fem sg)","prifysgol","noun-fem","Mae y ","yn agos at y ddinas.","brifysgol","SM","Fem. sg. after y: p→b."
"Soft, Contact","Article","y (def. art., fem sg)","cymuned","noun-fem","Mae y ","yn gryf iawn yma.","gymuned","SM","Fem. sg. after y: c→g."
"Soft, Contact","Article","y (def. art., fem sg)","canolfan","noun-fem","Mae’r bws yn stopio ger y ",".","ganolfan","SM","Fem. sg. after y: c→g."
"Soft, Contact","Article","y (def. art., fem sg)","canrif","noun-fem","Yn y ","diwethaf gwelwyd newidiadau mawr.","ganrif","SM","Fem. sg. after y: c→g."
"Soft, Contact",Numerals,un (f),blwyddyn,noun-fem,Dyna un,yn unig.,flwyddyn,SM,“Un” yn treiglo enwau benywaidd.
"Soft, Contact",Numerals,dwy,blynedd,noun-fem,Arhoson ni yno am dwy,.,flynedd,SM,“Dwy” yn achosi SM; defnyddir y ffurf “blynedd” yn y patrwm blynyddoedd.
None,Numerals,tair,blynedd,noun-fem,Mae’r cwrs yn para tair,.,blynedd,NONE,Dim SM ar ôl “tair” yn y patrwm blynyddoedd.
None,Numerals,pedair,blynedd,noun-fem,Bydd y les yn para pedair,.,blynedd,NONE,Dim SM ar ôl “pedair”.
"Nasal, Contact",Numerals,pum,blynedd,noun-fem,Buon nhw yno am bum,.,mlynedd,NM,5–10 yn rhoi NM: blynedd → mlynedd.
"Nasal, Contact",Numerals,chwe,blynedd,noun-fem,Cafodd y cynllun ei ohirio am chwe,.,mlynedd,NM,NM ar ôl “chwe”; ceir “chwe blynedd” ar lafar hefyd.
"Nasal, Contact",Numerals,saith,blynedd,noun-fem,Ar ôl saith,", fe ddychwelon nhw adref.",mlynedd,NM,NM ar ôl “saith”.
"Nasal, Contact",Numerals,wyth,blynedd,noun-fem,Roeddan nhw’n briod ers wyth,.,mlynedd,NM,NM ar ôl “wyth”.
"Nasal, Contact",Numerals,naw,blynedd,noun-fem,Buodd y prosiect yn rhedeg am naw,.,mlynedd,NM,NM ar ôl “naw”.
"Nasal, Contact",Numerals,deg/deng,blynedd,noun-fem,Roedd y contract yn ddilys am deng,.,mlynedd,NM,“Deg” → “deng” cyn geiriau amser m-; blynedd → mlynedd.
"Nasal, Contact",Numerals,deuddeg,blynedd,noun-fem,Symudon nhw ar ôl deuddeg,.,mlynedd,NM,12 yn dilyn y patrwm NM gyda “blynedd”.
"Nasal, Contact",Numerals,pymtheg,blynedd,noun-fem,Aroson ni am bymtheg,cyn newid gwaith.,mlynedd,NM,15 yn cymryd NM gyda “blynedd”.
"Nasal, Contact",Numerals,deunaw,blynedd,noun-fem,Cafodd y cwmni ei werthu ar ôl deunaw,.,mlynedd,NM,18 yn cymryd NM gyda “blynedd”.
"Nasal, Contact",Numerals,ugain,blynedd,noun-fem,Bywodd y teulu dramor am ugain,.,mlynedd,NM,20 + “blynedd” → “mlynedd”.
"Nasal, Contact",Numerals,deugain,blynedd,noun-fem,Rhys gafodd seibiant o ddeugain,.,mlynedd,NM,40 + “blynedd” → “mlynedd”.
"Nasal, Contact",Numerals,can,blynedd,noun-fem,Mae’r bont yn sefyll ers can,.,mlynedd,NM,100 + “blynedd” → “mlynedd”.
"Nasal, Contact",Numerals,pum … ar hugain,blynedd,noun-fem,Prynwyd y tŷ pum,ar hugain yn ôl.,mlynedd,NM,Mewn cyfansoddion “ar”: yr enw cyn “ar” → “pum mlynedd ar hugain”.
"Soft, Contact",Numerals,dau,cwmni,noun-masc,Cawsom gynnig gan dau ,eleni.,gwmni,SM,'dau' soft-mutates: c→g.
"Soft, Contact",Numerals,dau,teulu,noun-masc,Mae dau ,yn byw yn y tŷ mawr.,deulu,SM,'dau' soft-mutates: t→d.
"Soft, Contact",Numerals,dau,cwmni,noun-masc,Cawsom gynnig gan dau ,eleni.,gwmni,SM,'dau' soft-mutates: c→g.
"Soft, Contact",Numerals,dau,cynllun,noun-masc,Cyflwynwyd dau ,i’r pwyllgor.,gynllun,SM,'dau' soft-mutates: c→g.
"Soft, Contact",Numerals,dau,dyn,noun-masc,Gwelon ni dau ,yn aros wrth y drws.,ddyn,SM,'dau' soft-mutates: d→dd.
"Soft, Contact",Numerals,dau,mudiad,noun-masc,Mae dau ,yn cefnogi’r achos.,fudiad,SM,'dau' soft-mutates: m→f.
"Soft, Contact",Numerals,dau,tîm,noun-masc,Gêm rhwng dau ,neithiwr.,dîm,SM,'dau' soft-mutates: t→d.
"Soft, Contact",Numerals,dau,polisi,noun-masc,Cawsom dau ,newydd gan y cwmni.,bolisi,SM,'dau' soft-mutates: p→b.
"Soft, Contact",Numerals,dau,cyfrwng,noun-masc,Dewison nhw dau ,cyfathrebu.,gyfrwng,SM,'dau' soft-mutates: c→g.
"Soft, Contact",Numerals,dau,cwestiwn,noun-masc,Atebais dau ,yn ystod y drafodaeth.,gwestiwn,SM,'dau' soft-mutates: c→g.
"Soft, Contact",Numerals,dau,bore,noun-masc,Cawsom gyfarfodydd dau ,yn olynol.,fore,SM,'dau' soft-mutates: b→f.
"Soft, Contact",Numerals,dau,cynnig,noun-masc,Daeth dau ,ar gyfer y swydd.,gynnig,SM,'dau' soft-mutates: c→g.
"Soft, Contact",Numerals,dau,cofnod,noun-masc,Cedwir dau ,ar y system.,gofnod,SM,'dau' soft-mutates: c→g.
"Soft, Contact",Numerals,dau,cyfarfod,noun-masc,Mae dau ,wedi’u trefnu bore yma.,gyfarfod,SM,'dau' soft-mutates: c→g.
"Soft, Contact",Numerals,dau,digwyddiad,noun-masc,Cafodd dau ,eu gohirio.,ddigwyddiad,SM,'dau' soft-mutates: d→dd.
"Soft, Contact",Numerals,dau,dewis,noun-masc,Roedden ni’n cael dau ,yn y ffurflen.,ddewis,SM,'dau' soft-mutates: d→dd.
"Soft, Contact",Numerals,dau,prosiect,noun-masc,Mae’r adran yn rhedeg dau ,eleni.,brosiect,SM,'dau' soft-mutates: p→b.
"Soft, Contact",Numerals,dau,grŵp,noun-masc,Mae’r dosbarth wedi’i rannu’n dau ,.,rŵp,SM,'dau' soft-mutates: g→∅.
"Soft, Contact",Numerals,dau,papur,noun-masc,Mae gen i dau ,i’w argraffu.,bapur,SM,'dau' soft-mutates: p→b.
"Soft, Contact",Numerals,dau,clwb,noun-masc,Mae dau ,pêl-droed yn y dref.,glwb,SM,'dau' soft-mutates: c→g.
"Soft, Contact",Numerals,dau,dosbarth,noun-masc,Rydyn ni’n rhedeg dau ,bob prynhawn.,ddosbarth,SM,'dau' soft-mutates: d→dd.
"Soft, Contact",Numerals,dau,tad,noun-masc,Mae ganddi dau ,— un biolegol ac un cam.,dad,SM,'dau' soft-mutates: t→d.
"Nasal, Contact",Possessive,fy … i,pwyllgor,noun-masc,Dyma fy,i.,mhwyllgor,NM,fy ‘my’ triggers NM (p→mh): fy mhwyllgor i.
"Soft, Contact",Possessive,dy … di,pwyllgor,noun-masc,Pryd yw dy,di’n cyfarfod?,bwyllgor,SM,dy ‘your (sg)’ triggers SM (p→b).
"Soft, Contact",Possessive,ei (his) … e/fe,pwyllgor,noun-masc,Cyhoeddodd ef restr ei,.,bwyllgor,SM,ei (his) triggers SM on the noun (p→b).
"Aspirate, Contact",Possessive,ei (her) … hi,arian,noun-masc,Roedd hi'n aros am ei,poced,harian,AM,ei (her) triggers AM - +h with words beginning with a.
None,Possessive,eich … chi,pwyllgor,noun-masc,Faint o waith sydd ar eich,chi?,pwyllgor,NONE,No mutation after eich in the standard system.
"Nasal, Contact",Possessive,fy … i,comisiynydd,noun-masc,Dyma fy,i heddiw.,nghomisiynydd,NM,fy causes NM (c→ngh): fy nghomisiynydd i.
"Soft, Contact",Possessive,dy … di,comisiynydd,noun-masc,Dyma dy,di.,gomisiynydd,SM,dy triggers SM (c→g).
"Aspirate, Contact",Possessive,ei (her) … hi,comisiynydd,noun-masc,Dyma ei,hi.,chomisiynydd,AM,ei (her) triggers AM (c→ch).
"Soft, Contact",Possessive,ei (his) … e/fe,comisiynydd,noun-masc,Dyma ei,ef.,gomisiynydd,SM,ei (his) triggers SM (c→g).
"Aspirate, Contact",Possessive,ei (her) … hi,cynulleidfa,noun-fem,Cafodd hi gefnogaeth ei,.,chynulleidfa,AM,ei (her) → AM (c→ch).
"Soft, Contact",Possessive,ei (his) … e/fe,cynulleidfa,noun-fem,Cafodd ef gefnogaeth ei,.,gynulleidfa,SM,ei (his) → SM (c→g).
"Nasal, Contact",Possessive,fy … i,gwasg,noun-fem,Mae gen i brofiad yn fy,i.,ngwasg,NM,fy causes NM (g→ng).
"Soft, Contact",Possessive,dy … di,gwasg,noun-fem,Rwyt ti’n rhedeg dy,di?,wasg,SM,dy causes SM; g disappears (g→∅).
"Soft, Contact",Possessive,ei (his) … e/fe,gwasg,noun-fem,Dyna ei,ef yn y dref.,wasg,SM,ei (his) causes SM; g→∅ (ei wasg ef).
None,Possessive,eu … nhw,deddf,noun-fem,Cyhoeddwyd testun eu,nhw.,deddf,NONE,No mutation after eu in the standard system.
None,Possessive,dy … di,senedd,noun-fem,Dyma dy,di.,senedd,NONE,"dy normally triggers SM, but ‘s’ is unmutionable: no change."
None,Possessive,eu … nhw,mynediad,noun-masc,Diweddarwyd y manylion am eu,nhw.,mynediad,NONE,eu ‘their’ does not mutate; optional h- before vowels only.
"Soft, Contact",Preposition,o,tanseilio,verb-noun,Ac o gofio'r peryglon o,hyder yn cig eidion Cymru,danseilio,SM,"Preposition ""o"" causes SM on following verb-noun"
"Soft, Contact",Preposition,o,bywyd,noun-masc,Does dim llawer o,eleni.,fywyd,SM,“o” soft-mutates: b→f.
"Soft, Contact",Preposition,o,cig,noun-masc,Mae’r cawl yn cynnwys llawer o,.,gig,SM,“o” soft-mutates: c→g.
"Soft, Contact",Preposition,o,pryd,noun-masc,Rydyn ni’n cwrdd o,i’w gilydd.,bryd,SM,“o” soft-mutates: p→b (“o bryd i’w gilydd”).
"Soft, Contact",Preposition,o,tu,noun-masc,Rydyn ni,’r tîm lleol.,o du,SM,“o” soft-mutates: t→d (“o du”).
"Soft, Contact",Preposition,o,diwedd,noun-masc,Mae’r rheolau’n weithredol o,y flwyddyn.,ddiwedd,SM,“o” soft-mutates: d→dd.
"Soft, Contact",Preposition,o,dechrau,noun-masc,Newidiwyd y rheolau o,’r tymor.,ddechrau,SM,“o” soft-mutates: d→dd.
"Soft, Contact",Preposition,o,cyngor,noun-masc,Mae angen rhywfaint o,arnom ni.,gyngor,SM,“o” soft-mutates: c→g.
"Soft, Contact",Preposition,o,bwyd,noun-masc,Mae angen prynu mwy o,cyn y penwythnos.,fwyd,SM,“o” soft-mutates: b→f.
"Soft, Contact",Preposition,o,busnes,noun-masc,Dw i ddim eisiau trafod pethau o,yn gyhoeddus.,fusnes,SM,“o” soft-mutates: b→f.
"Soft, Contact",Preposition,o,maes,noun-masc,Mae hwn yn rhan o,ymchwil diddorol.,faes,SM,“o” soft-mutates: m→f.
"Soft, Contact",Preposition,o,digon,noun-masc,Doedden ni ddim yn cael,o amser.,digon,SM,Fixed phrase “o ddigon/yn ddigon”; here keep baseline (no change needed).
"Soft, Contact",Preposition,o,duw,noun-masc,O,! Gobeithio nad yw’n wir.,Dduw,SM,Vocative/exclamation with “o” gives SM: d→dd.
"Soft, Contact",Preposition,o,canol,noun-masc,Daeth y sŵn o,y ddinas.,ganol,SM,“o” soft-mutates: c→g.
"Soft, Contact",Preposition,o,profiad,noun-masc,Dw i’n siarad o,personol.,brofiad,SM,“o” soft-mutates: p→b.
"Soft, Contact",Preposition,o,cartref,noun-masc,Maen nhw’n gweithio o,ddwywaith yr wythnos.,gartref,SM,“o” soft-mutates: c→g.
"Soft, Contact",Preposition,o,gogledd,noun-masc,Daethon nhw o,Cymru.,ogledd,SM,“o” soft-mutates: g→∅.
"Soft, Contact",Preposition,o,cymorth,noun-masc,Fe ddylai hynny fod o,i’r teulu.,gymorth,SM,“o” soft-mutates: c→g.
"Soft, Contact",Preposition,o,canlyniad,noun-masc,O,", penderfynwyd cau’r ffordd.",ganlyniad,SM,Set phrase “o ganlyniad”: c→g.
"Soft, Contact",Preposition,o,popeth,noun-masc,Rydyn ni’n dysgu o,bob dydd.,bopeth,SM,“o” soft-mutates: p→b.
"Soft, Contact",Preposition,am,munud,noun-masc,Aros,", plis.",funud,SM,“am” commonly soft-mutates: m→f.
"Soft, Contact",Preposition,o,mater,noun-masc,Roedd yn fater bach o,personol.,fater,SM,“o” soft-mutates: m→f.
"Soft, Contact",Preposition,o,cefndir,noun-masc,Daw hi o,gwledig.,gefndir,SM,“o” soft-mutates: c→g.
"Soft, Contact",Preposition,am,dyfodol,noun-masc,Rydyn ni’n ymgyrchu am,gwell.,ddyfodol,SM,“am” commonly soft-mutates: d→dd.
"Soft, Contact",Preposition,o,tir,noun-masc,Prynwyd darn o,fferm.,dir,SM,“o” soft-mutates: t→d.
"Soft, Contact",Preposition,o,gweinidog,noun-masc,Daeth y neges o,heddiw.,weinidog,SM,“o” soft-mutates: g→∅.
"Soft, Contact",Preposition,am,tywydd,noun-masc,Mae pawb yn siarad am,gwael.,dywydd,SM,“am” commonly soft-mutates: t→d.
"Soft, Contact",Preposition,ar,cadair,noun-fem,Roedd y ci'n eistedd ar,ger y ffenest,gadair,SM,Preposition “ar” immediately before a word triggers soft mutation.
"Soft, Contact",Preposition,am,bachgen,noun-masc,Siaradon ni am,neithiwr wrth y drws,fachgen,SM,“am” causes SM on the following noun.
"Soft, Contact",Preposition,at,tad,noun-masc,Anfonodd y ferch lun at,ar Whatsapp,dad,SM,“at” causes SM: tad→dad.
"Soft, Contact",Preposition,dan,pont,noun-fem,Byddaf yn aros o dan,yfory.,bont,SM,“dan” causes SM: pont→bont.
"Soft, Contact",Preposition,dros,mis,noun-masc,Bydd y siop ar gau dros,.,fis,SM,“dros” causes SM: mis→fis.
"Soft, Contact",Preposition,am,gardd,noun-fem,Roeddwn ni'n siarad am,ar y bws bore 'ma,ardd,SM,“am” + g-deletion under SM: gardd→ardd.
"Soft, Contact",Preposition,at,merch,noun-fem,Aeth y neges at,yn syth ar ôl y cyfarfod,ferch,SM,“at” causes SM: merch→ferch.
"Soft, Contact",Preposition,ar,llyfr,noun-masc,Cadwodd hi'r nodyn ar,drwy'r wythnos i gyd,lyfr,SM,“ar” causes SM; ll→l: llyfr→lyfr.
"Soft, Contact",Preposition,dros,rhwyd,noun-fem,Taflodd y bêl dros,yn hawdd ac yn uchel,rwyd,SM,“dros” causes SM; rh→r: rhwyd→rwyd.
None,Preposition,am,siop,noun-fem,Roedden nhw'n holi am,newydd yn y dref,siop,NONE,"“am” present, but initial s- is immutable (no visible SM)."
None,Preposition,at,Mererid,name,Anfonwch y gwahoddiad at,erbyn dydd Gwener,Mererid,NONE,Personal names typically don’t mutate after prepositions.
None,Preposition,dan,drws,noun-masc,Gwadawodd hi'r mat dan y,drwy'r haf,drws,NONE,"Article “y” intervenes after the preposition, blocking contact mutation."
None,Preposition,dros,amser,noun-masc,Mae'r casgliad wedi tyfu dros,yn araf ers y llynedd,amser,NONE,Vowel-initial noun: no visible change under SM.
None,Preposition,am,Berlin,placename,Roeddwn ni'n siarad am,rhaglen ddoe,Berlin,NONE,Non-Welsh place names usually left unmutated after prepositions.
None,Preposition,ar,bwrdd,noun-masc,Rhowch y llythyr ar y gadair neu'r,ger y ffenest,bwrdd,NONE,Intervening “neu’r”: preposition not immediately before noun → no SM.
"Soft, Article",Article,y (fem sg),gardd,noun-fem,Gadawodd hi'r peli ar yr,ar ôl y parti,ardd,SM,Feminine singular after the article soft-mutates with g-deletion (gardd→ardd).
"Soft, Contact",Preposition,gan,plant,noun-masc,Cawson ni anogaeth gan,cyn y perfformiad,blant,SM,“gan” causes SM: plant→blant.
"Soft, Contact",Preposition,heb,bwyd,noun-masc,Aethon nhw am awr heb,", ond roedd dŵr ganddyn nhw",fwyd,SM,“heb” causes SM: bwyd→fwyd.
"Soft, Contact",Preposition,hyd,diwedd,noun-masc,Bydd y siop yn aros ar agor hyd,y mis,ddiwedd,SM,“hyd” causes SM: diwedd→ddiwedd.
"Soft, Contact",Preposition,i,dinas,noun-fem,Aethon ni i,brynhawn Sadwrn,ddinas,SM,“i” causes SM: dinas→ddinas.
"Soft, Contact",Preposition,o,gardd,noun-fem,Cymerodd y bachgen lunia o,ger y tŷ,ardd,SM,“o” + g-deletion: gardd→ardd.
"Soft, Contact",Preposition,tan,mis,noun-masc,Bydd y gwaith yn parhau tan,Tachwedd,fis,SM,“tan” causes SM: mis→fis.
"Soft, Contact",Preposition,trwy,rhew,noun-masc,Cerddon ni drwy,i gyrraedd y car,rew,SM,“trwy” causes SM; rh→r: rhew→rew.
"Soft, Contact",Preposition,wrth,desg,noun-fem,Roedd y llythyr yn aros wrth,y swyddfa ers ddoe,ddesg,SM,“wrth” causes SM: desg→ddesg.
"Soft, Contact",Preposition,gan,canu,verb-noun,Aeth y criw rownd y neuadd gan,yn uchel,ganu,SM,VN after “gan”: c→g (canu→ganu).
"Soft, Contact",Preposition,wrth,gweiddi,verb-noun,Fe ddaeth y ci ataf wrth,ar y stryd,weiddi,SM,VN after “wrth”: g-deletion in SM (gweiddi→weiddi).
"Soft, Contact",Preposition,o,plant,noun-masc,Wnaethoch chi glywed sŵn o,ar y maes?,blant,SM,“o” causes SM: plant→blant.
"Soft, Contact",Preposition,hyd,llwybr,noun-masc,Cerddon ni hyd,cul i'r ffynnon,lwybr,SM,“hyd” causes SM; ll→l: llwybr→lwybr.
"Soft, Contact",Preposition,heb,dŵr,noun-masc,Rydym wedi bod heb,ers tri diwrnod,ddŵr,SM,“heb” causes SM: dŵr→ddŵr.
"Soft, Contact",Preposition,wrth,rhiant,noun-masc,Roedd y plentyn yn sefyll wrth,y bachgen,riant,SM,“wrth” causes SM; rh→r: rhiant→riant.
None,Preposition,gan,Mererid,name,Cawson ni e-bost gan,ddoe,Mererid,NONE,Personal names normally remain unmutated after prepositions.
None,Preposition,heb,clawr,noun-masc,Roedd y bagiau heb y,ar ôl y tân,clawr,NONE,Article “y” blocks contact mutation from the preposition.
None,Preposition,hyd,yfory,day,Bydd y ffeiriau'n parhau hyd,os bydd y tywydd yn caniatáu,yfory,NONE,Vowel-initial word: no visible change under SM.
None,Preposition,i,Berlin,placename,Es i i,ar gyfer y gynhadledd,Berlin,NONE,Non-Welsh place names typically don’t mutate after prepositions.
None,Preposition,o,cadair,noun-fem,Tynnodd e'r siaced o'r,cyn eistedd,cadair,NONE,Intervening ’r blocks contact mutation from “o”.
None,Preposition,tan,diwedd,noun-masc,Arhoswch tan y,nes bod pawb yn barod,diwedd,NONE,Article “y” cancels the preposition’s contact mutation.
None,Preposition,drwy,drws,noun-masc,Edrychon ni drwy'r,ar ôl y sŵn,drws,NONE,Intervening ’r blocks contact mutation from “drwy”.
None,Preposition,wrth,siop,noun-fem,Aroson nhw wrth,ar y gornel,siop,NONE,Initial s- is immutable under SM.
None,Preposition,rhag,torri,verb-noun,Ceisiwch atal y plant rhag,y ffenestri,torri,NONE,“rhag” does not trigger contact mutation; VN stays radical.
None,Preposition,rhwng,plant,noun-masc,Cafwyd trafodaeth onest rhwng,a'r athrawon,plant,NONE,“rhwng” does not cause contact mutation.
None,Preposition,mewn,tŷ,noun-masc,Roedden nhw'n byw mewn,bach ar y bryn,tŷ,NONE,“mewn” (non-specific “in”) does not cause contact mutation.
None,Preposition,ar ôl,cawod,noun-fem,"Ar ôl,",aeth pawb adref,cawod,NONE,Compound prepositions do not mutate a following noun.
None,Preposition,ar draws,pont,noun-fem,Cerddon ni ar draws,i'r orsaf,pont,NONE,Compound preposition → no mutation.
None,Preposition,ar gyfer,prosiect,noun-masc,Mae'r arian ar gyfer,lleol.,prosiect,NONE,Compound preposition → no mutation.
None,Preposition,ar bwys,bwrdd,noun-masc,Gadawodd hi'r allweddi ar bwys,yn y gegin,bwrdd,NONE,Compound preposition → no mutation.
None,Preposition,er mwyn,cefnogi,verb-noun,Fe drefnwyd y digwyddiad er mwyn,yr elusen,cefnogi,NONE,Compound preposition → no mutation.
None,Preposition,o amgylch,parc,noun-masc,Rhedon nhw o amgylch,ddwywaith,parc,NONE,Compound preposition → no mutation.
None,Preposition,o flaen,tŷ,noun-masc,Mae'r fan o flaen,ar hyn o bryd,tŷ,NONE,Compound preposition → no mutation.
None,Preposition,o gwmpas,tân,noun-masc,Roeddwn nhw'n canu o gwmpas,nos Wener,tân,NONE,Compound preposition → no mutation.
None,Preposition,wrth ymyl,tŵr,noun-masc,Mae'r orsaf wrth ymyl,.,tŵr,NONE,Compound preposition → no mutation.
None,Preposition,wrth ochr,car,noun-masc,Eisteddodd e wrth ochr,i aros,car,NONE,Compound preposition → no mutation.
None,Preposition,ymhlith,myfyrwyr,noun-masc,Mae hi'n boblogaidd ymhlith,lleol.,myfyrwyr,NONE,Compound preposition → no mutation.
None,Preposition,ymysg,gwleidyddion,noun-masc,Cafodd y syniad ei drafod ymysg,ledled y wlad,gwleidyddion,NONE,Compound preposition → no mutation.
None,Preposition,yn lle,coffi,noun-masc,Prynodd hi de yn lle,.,coffi,NONE,Compound preposition → no mutation.
"Soft, Contact",Relative,a,torrodd,verb,Dyma'r ffenest a,neithiwr.,dorrodd,SM,Relative particle “a” soft-mutates the following finite verb.
"Soft, Contact",Particle,mi,gwelais,verb,Mi,y plant ddoe,welais,SM,Affirmative particle “mi” causes SM on the following finite verb.
"Soft, Contact",Particle,fe,daw,verb,Fe,e yfory.,ddaw,SM,“fe” causes SM on the following finite verb.
"Soft, Contact",Presentative,dyma,plentyn,noun-masc,Dyma,sy'n galw arnat ti,blentyn,SM,Presentative “dyma” soft-mutates the next word.
"Soft, Contact",Presentative,dyna,car,noun-masc,Dyna,gafodd ei werth ddoe,gar,SM,“dyna” triggers SM: car→gar.
"Soft, Contact",Presentative,dacw,dyn,noun-masc,Dacw,yn cerdded dros y cae,ddyn,SM,“dacw” triggers SM: dyn→ddyn.
"Soft, Contact",Deictic,(y)ma,merch,noun-fem,"Ma,",yn aros gyda ni.,ferch,SM,Deictic “(y)ma” triggers SM: merch→ferch.
"Soft, Contact",Deictic,na,dyn,noun-masc,Mae 'na,yn aros amdani,ddyn,SM,“(y)na/’na” triggers SM: dyn→ddyn.
"Soft, Contact",Intensifier,mor,teg,adj,Mor,yw'r pris.,deg,SM,“mor” soft-mutates the following adjective (except ll/rh).
"Soft, Contact",Intensifier,go,clir,adj,Go,oedd y neges.,glir,SM,“go” causes SM: clir→glir.
"Soft, Contact",Intensifier,pur,mawr,adj,Pur,yw'r broblem,fawr,SM,“pur” causes SM: mawr→fawr.
"Soft, Contact",Intensifier,rhy,drud,adj,Rhy,yw'r tocyn,ddrud,SM,“rhy” causes SM: drud→ddrud.
"Soft, Contact",Possessive,dy,tad,noun-masc,Dw i'n aros am dy,heno.,dad,SM,Possessive “dy” triggers SM on the following noun.
"Soft, Contact",Possessive,ei (his),papur,noun-masc,Collodd e ei,yn y parc.,bapur,SM,“ei (his)” triggers SM on the following noun.
"Soft, Contact",Interrogative,pa,drws,noun-masc,Pa,sy'n well?,ddrws,SM,Interrogative “pa…?” triggers SM on the following noun.
None,Conjunction,neu,ffenestr,noun-fem,Drws neu,oedd ar agor?,ffenestr,NONE,Here “ffenestr” cannot mutate; no visible change.
"Soft, Contact",Conjunction,neu,drws,noun-masc,Wnei di agor ffenestr neu,?,ddrws,SM,Conjunction “neu” can trigger SM on the following word in this pattern.
"Soft, Contact",Subordinator,pan,dechrau,verb-noun → finite,Pan,"y wers, roedd pawb yn dawel",ddechreuodd,SM,“pan” before a finite verb triggers SM (dechrau→ddechreuodd).
"Soft, Contact",Numerals,ddau,ci,noun-masc,Gwelais i ddau,mawr yn y parc,gi,SM,“dau” triggers SM on a following masc. noun (ci→gi).
"Soft, Contact",Numerals,dwy,cegin,noun-fem,Mae dwy,yn y fflat,gegin,SM,“dwy” triggers SM on a following fem. noun (cegin→gegin).
"Soft, Contact",Numerals,un,cadair,noun-fem,Cymerwch un,at y bwrdd,gadair,SM,“un” before a fem. noun causes SM (not with ll/rh).
None,Numerals,un,llyfr,noun-masc,Dw i eisiau un,nawr plîs,llyfr,NONE,No contact mutation with “un” + masculine noun.
"Soft, Complement",Complement,yn (comp marker),tew,adj,Mae’r ci yn,meddai'r milfeddyg.,dew,SM,Complement marker ‘yn’ soft-mutates adjectives (tew→dew).
"Soft, Complement",Complement,yn (comp marker),clir,adj,Mae’r neges yn,i bawb.,glir,SM,‘yn’ + adjective: SM (clir→glir).
"Soft, Complement",Complement,yn (comp marker),drud,adj,Mae’r tocynnau’n,eleni.,ddrud,SM,‘yn’ + adjective: SM (drud→ddrud).
"Soft, Complement",Complement,yn (comp marker),dyn,noun-masc,Mae Rhys yn,caredig.,ddyn,SM,‘yn’ can soft-mutate predicative nouns (dyn→ddyn).
"Soft, Complement",Complement,yn (comp marker),mam,noun-fem,Mae Siân yn,wych.,fam,SM,Predicative noun after ‘yn’ may soft-mutate (mam→fam).
None,Article,y (def. art.),bachgen,noun-masc,Dyma y,sy’n canu yn y côr.,bachgen,NONE,The definite article doesn’t mutate masculine singular nouns (only fem. sg. nouns mutate after the article).
None,Article,y (def. art.),bwrdd,noun-masc,Eisteddodd e wrth y,am awr.,bwrdd,NONE,Article + masc. sg. → no SM (contrast fem. sg. where the article triggers SM).
None,Article,y (def. art.),drws,noun-masc,Agor y,cyn i bawb gyrraedd.,drws,NONE,Masculine singular nouns don’t soft-mutate after the article.
None,Article,y (def. art.),car,noun-masc,Gwelais i y,ar y ffordd.,car,NONE,No SM on masc. sg. after the definite article.
None,Article,y (def. art.),ci,noun-masc,Clywai y,yn cyfarth.,ci,NONE,Article does not mutate masc. sg. nouns.
None,Article,y (def. art.),dyn,noun-masc,Roedd y,yn flinedig.,dyn,NONE,Only feminine singular nouns undergo SM after y/yr; masc. sg. do not.
None,Article,y (def. art.),papur,noun-masc,Tyd â y,allan.,papur,NONE,No soft mutation with the article before a masculine singular noun.
None,Article,y (def. art.),tad,noun-masc,Cwrddais â y,yn y parc.,tad,NONE,Article doesn’t soften masc. sg. initials.
None,Article,y (def. art.),brawd,noun-masc,Dywedodd y,ei farn.,brawd,NONE,Masc. sg. nouns are not mutated by the article.
None,Article,yr (before vowel),afal,noun-masc,Mae hi’n bwyta yr,bob dydd.,afal,NONE,Vowel-initial nouns show no SM; ‘yr’ is used before vowels.
None,Article,’r (enclitic),tŷ,noun-masc,Es i i’r,neithiwr.,tŷ,NONE,The enclitic article ’r doesn’t cause SM on a masc. sg. noun.
None,Article,’r (enclitic),gwaith,noun-masc,Aethon ni i’r,am ddwy awr.,gwaith,NONE,No SM after the article with masculine singular nouns.
None,Article,"y (def. art., pl)",plant,noun-pl,Mae’r,yn chwarae yn yr ardd.,plant,NONE,The definite article does not mutate plural nouns.
None,Article,"’r (def. art., pl)",ceir,noun-pl,Gwelais i’r,yn y maes parcio.,ceir,NONE,No SM with plural nouns after the article.
None,Article,"y (def. art., pl)",byrddau,noun-pl,Symudwch y,at y wal.,byrddau,NONE,Plural nouns are not softened by the article.
None,Article,"’r (def. art., pl)",drysau,noun-pl,Cau’r,yn dawel.,drysau,NONE,No soft mutation on plural nouns after y/yr/’r.
None,Article,"’r (def. art., pl)",cŵn,noun-pl,Cerddodd y,trwy’r parc.,cŵn,NONE,Article does not trigger SM on plurals.
None,Article,"y (def. art., pl)",dynion,noun-pl,Daeth y,i’r cyfarfod.,dynion,NONE,Plural nouns remain radical after the article.
None,Article,"’r (def. art., pl)",llyfrau,noun-pl,Prynodd hi’r,yn y siop lyfrau.,llyfrau,NONE,No mutation of plural nouns after the definite article.
None,Article,"y (def. art., pl)",cadeiriau,noun-pl,Mae’r,yn ddrud.,cadeiriau,NONE,Article has no SM effect on plural nouns.
None,Article,"y (def. art., pl)",tai,noun-pl,Roedd y,yn wag ers blynyddoedd.,tai,NONE,Plural nouns do not undergo SM after the article.
None,Article,"y (def. art., pl)",pobl,noun-pl,Casglodd y,ger y llwyfan.,pobl,NONE,Plural nouns remain unmutated after y/yr/’r.
"Aspirate, Contact",Possessive,ei (her),car,noun-masc,Collodd hi ei,yn y maes parcio.,char,AM,"Possessive ei (her) triggers AM on p/t/c (c→ch, p→ph, t→th)."
"Aspirate, Contact",Possessive,ei (her),cath,noun-fem,Dyma ei,hoff.,chath,AM,ei (her) → AM on following noun (c→ch).
"Aspirate, Contact",Possessive,ei (her),ci,noun-masc,Gwelais ei,hi yn y parc.,chi,AM,ei (her) → AM (c→ch).
"Aspirate, Contact",Possessive,ei (her),cadair,noun-fem,Symudodd hi ei,at y ddesg.,chadair,AM,ei (her) → AM (c→ch).
"Aspirate, Contact",Possessive,ei (her),pobl,noun-pl,Clywson ni am ei,yn protestio.,phobl,AM,ei (her) → AM (p→ph).
"Aspirate, Contact",Possessive,ei (her),pen,noun-masc,Darllenodd hi ei,cyn y cyfarfod.,phen,AM,ei (her) → AM (p→ph).
"Aspirate, Contact",Possessive,ei (her),papur,noun-masc,Collodd hi ei,ar y trên.,phapur,AM,ei (her) → AM (p→ph).
"Aspirate, Contact",Possessive,ei (her),plant,noun-pl,Siaradodd hi am ei,yn aml.,phlant,AM,ei (her) → AM (p→ph).
"Aspirate, Contact",Possessive,ei (her),tad,noun-masc,Dywedodd hi fod ei,yn iawn.,thad,AM,ei (her) → AM (t→th).
"Aspirate, Contact",Possessive,ei (her),tŷ,noun-masc,Mae hi’n paentio ei,ar hyn o bryd.,thŷ,AM,ei (her) → AM (t→th).
"Aspirate, Contact",Possessive,ei (her),tocyn,noun-masc,Collodd hi ei,ar y platfform.,thocyn,AM,ei (her) → AM (t→th).
"Aspirate, Contact",Possessive,ei (her),llyfr,noun-masc,Dychwelodd hi ei,i’r llyfrgell.,llyfr,NONE,ll and rh are immune to AM; vowels also show no change.
"Aspirate, Contact",Possessive,ei (her),rhiant,noun-masc,Siaradodd hi â’i,am y trip.,rhiant,NONE,rh- does not undergo AM.
"Aspirate, Contact",Possessive,ei (her),ysgol,noun-fem,Soniodd hi am ei,ddoe.,ysgol,NONE,Vowel-initial words show no visible AM.
"Aspirate, Contact",Possessive,ei (her),awyr,noun-fem,Mae hi’n hoffi ei,agored.,awyr,NONE,Vowel-initial nouns are unchanged by AM.
"Aspirate, Contact",Conjunction,a,car,noun-masc,Te a,ar y ffordd.,char,AM,a ‘and’ triggers AM on following p/t/c (standard/literary).
"Aspirate, Contact",Conjunction,a,ci,noun-masc,Bara a,i’r picnic.,chi,AM,a → AM (c→ch).
"Aspirate, Contact",Conjunction,a,cath,noun-fem,Blodau a,yn y llun.,chath,AM,a → AM (c→ch).
"Aspirate, Contact",Conjunction,a,cadair,noun-fem,Bwrdd a,yn yr ystafell.,chadair,AM,a → AM (c→ch).
"Aspirate, Contact",Preposition,â (with),car,noun-masc,Daeth e â,i’r dosbarth.,char,AM,"Preposition â ‘with’ triggers AM (c→ch, p→ph, t→th)."
"Aspirate, Contact",Preposition,â (with),ci,noun-masc,Cerddodd hi â,bob bore.,chi,AM,â → AM (c→ch).
None,Possessive,gyda’n,car,noun-masc,"Rydyn ni’n teithio gyda’n ",heddiw.,car,NONE,"BLOCKER: 'ein' after 'gyda' causes no mutation; prepositional AM blocked."
None,Possessive,gyda’n,cath,noun-fem,"Rydyn ni’n byw gyda’n ",ers mis.,cath,NONE,"BLOCKER: 'ein' after 'gyda' causes no mutation; noun stays radical."
"Aspirate, Contact",Conjunction,a,pren,noun-masc,"Silff a ",pren.,phren,AM,"'a' triggers AM on p/t/c; pren→phren."
"Aspirate, Contact",Conjunction,a,tŷ,noun-masc,"Gardd a ",mawr.,thŷ,AM,"'a' triggers AM on p/t/c; tŷ→thŷ."
"Aspirate, Contact",Preposition,â (with),papur,noun-masc,"Cyflwynodd hi’r gwaith â ",trefnus.,phapur,AM,"â triggers AM on p/t/c; papur→phapur."
"Aspirate, Contact",Preposition,â (with),tad,noun-masc,"Siaradais i â ",neithiwr.,thad,AM,"â triggers AM on p/t/c; tad→thad."
None,Possessive,gyda’n,plant,noun-pl,"Aethon ni allan gyda’n ",heno.,plant,NONE,"BLOCKER: 'ein' after 'gyda' causes no mutation; noun stays radical."
None,Possessive,gyda’n,tocyn,noun-masc,"Rydyn ni’n cyrraedd gyda’n ",barod.,tocyn,NONE,"BLOCKER: 'ein' after 'gyda' causes no mutation; noun stays radical."
None,Conjunction,a,llyfr,noun-masc,"Pensil a ",ar y ddesg.,llyfr,NONE,"ll is not affected by AM after 'a' (nil case)."
None,Conjunction,a,rhestr,noun-fem,"Ffeil a ",hir.,rhestr,NONE,"rh is not affected by AM after 'a' (nil case)."
None,Preposition,â (with),ysgol,noun-fem,"Es i â ",ddoe.,ysgol,NONE,"Vowel-initial noun shows no visible AM after â."
None,Possessive,gyda’n,afal,noun-masc,"Daethon ni gyda’n ",i’r trip.,afal,NONE,"Vowel-initial noun unchanged; BLOCKER: 'ein' causes no mutation."
"Aspirate, Contact",Numerals,tri,car,noun-masc,Gwelais tri,ger y tŷ.,char,AM,tri before a noun triggers AM on p/t/c.
"Aspirate, Contact",Numerals,tri,papur,noun-masc,Mae tri,ar y ddesg.,phapur,AM,tri causes a mutation on the following noun → AM (p→ph).
"Aspirate, Contact",Numerals,tri,tŷ,noun-masc,Prynon ni tri,y lôn hon.,thŷ,AM,tri → AM (t→th).
"Aspirate, Contact",Numerals,chwe,cath,noun-fem,Roedd chwe,yn yr ystafell.,chath,AM,chwe (form before noun) triggers AM on p/t/c.
"Aspirate, Contact",Numerals,chwe,pen,noun-masc,Cawsom,i’w rhannu.,phen,AM,chwe → AM (p→ph).
"Aspirate, Contact",Preposition,tua,tafarn,noun-fem,Aeth e tua,ar ôl gwaith.,thafarn,AM,tua/tuag (towards) can trigger AM on p/t/c.
"Aspirate, Contact",Preposition,tua,car,noun-masc,Rhedodd y bachgen tua,yn sydyn.,char,AM,tua → AM (c→ch).
"Nasal, Contact",Possessive,fy,car,noun-masc,Collais i fy,ddoe.,nghar,NM,fy triggers NM: c→ngh (car → fy nghar).
"Nasal, Contact",Possessive,fy,cath,noun-fem,Ces i fy,o’r stryd.,nghath,NM,fy → NM: c→ngh (cath → fy nghath).
"Nasal, Contact",Possessive,fy,ci,noun-masc,Fe gollais i fy,yn y parc.,nghi,NM,fy → NM: c→ngh (ci → fy nghi).
"Nasal, Contact",Possessive,fy,cadair,noun-fem,Symudais fy,at y ffenest.,nghadair,NM,fy → NM: c→ngh (cadair → fy nghadair).
"Nasal, Contact",Possessive,fy,pen,noun-masc,Dwi’n teimlo poen yn fy,heddiw.,mhen,NM,fy → NM: p→mh (pen → fy mhen).
"Nasal, Contact",Possessive,fy,papur,noun-masc,Collais i fy,ar y trên.,mhapur,NM,fy → NM: p→mh (papur → fy mhapur).
"Nasal, Contact",Possessive,fy,pris,noun-masc,Cododd y,llynedd—nid fy,i.,mhris,NM
"Nasal, Contact",Possessive,fy,plant,noun-pl,Dwi’n caru fy,yn fawr.,mhlant,NM,fy → NM: p→mh (plant → fy mhlant).
"Nasal, Contact",Possessive,fy,tad,noun-masc,Es i at fy,neithiwr.,nhad,NM,fy → NM: t→nh (tad → fy nhad).
"Nasal, Contact",Possessive,fy,tŷ,noun-masc,Maen nhw’n paentio fy,ar hyn o bryd.,nhŷ,NM,fy → NM: t→nh (tŷ → fy nhŷ).
"Nasal, Contact",Possessive,fy,tocyn,noun-masc,Collais i fy,ar y platfform.,nhocyn,NM,fy → NM: t→nh (tocyn → fy nhocyn).
"Nasal, Contact",Possessive,fy,dillad,noun-pl,Golchais i fy,ddoe.,nillad,NM,fy → NM: d→n (dillad → fy nillad).
"Nasal, Contact",Possessive,fy,dalen,noun-fem,Gollais i fy,yn y swyddfa.,nalen,NM,fy → NM: d→n (dalen → fy nalen).
"Nasal, Contact",Possessive,fy,bara,noun-masc,Es i heb fy,bore ’ma.,mara,NM,fy → NM: b→m (bara → fy mara).
"Nasal, Contact",Possessive,fy,bachgen,noun-masc,Dyma fy,i.,machgen,NM,fy → NM: b→m (bachgen → fy machgen).
"Nasal, Contact",Possessive,fy,gardd,noun-fem,Treuliais awr yn fy,heno.,ngardd,NM,fy → NM: g→ng (gardd → fy ngardd).
None,Possessive,fy,ysgol,noun-fem,Es i i fy,ddoe.,ysgol,NONE,Vowel-initial nouns show no visible NM (ysgol → ysgol).
None,Possessive,fy,awyr,noun-fem,Dwi’n hoffi fy,yn lân.,awyr,NONE,Vowel-initial nouns are unchanged under NM.
None,Possessive,fy,llaw,noun-fem,Torrais fy,yn ddamweiniol.,llaw,NONE,ll- does not undergo NM (ll stays ll).
None,Possessive,fy,rhieni,noun-pl,Roedd fy,yn hapus iawn.,rhieni,NONE,rh- does not undergo NM (rh stays rh).
"Nasal, Contact",Preposition,yn (in),Caerdydd,placename,Bywodd hi yng,am flwyddyn.,Nghaerdydd,NM,yn → yng before c/g; NM: c→ngh → yng Nghaerdydd.
"Nasal, Contact",Preposition,yn (in),Cricieth,placename,Arhoson ni yng,dros y penwythnos.,Nghricieth,NM,yn → yng before c/g; NM: c→ngh.
"Nasal, Contact",Preposition,yn (in),Cwmbrân,placename,Cawson ni ginio yng,ddydd Sadwrn.,Nghwmbrân,NM,yn → yng before c/g; NM: c→ngh.
"Nasal, Contact",Preposition,yn (in),Gogledd Cymru,noun phrase,Maen nhw’n byw yng,ers 2020.,Ngogledd Cymru,NM,yn → yng before g-; NM: g→ng.
"Nasal, Contact",Preposition,yn (in),Gŵyr,placename,Aethon ni yng,dros y gwyliau.,Ngŵyr,NM,yn → yng before g-; NM: g→ng.
"Nasal, Contact",Preposition,yn (in),Pontypridd,placename,Buodd hi ym,am dair blynedd.,Mhontypridd,NM,yn → ym before p/b/m; NM: p→mh.
"Nasal, Contact",Preposition,yn (in),Penarth,placename,Cwrddais i â hi ym,neithiwr.,Mhenarth,NM,yn → ym before p/b/m; NM: p→mh.
"Nasal, Contact",Preposition,yn (in),Bangor,placename,Maen nhw ym,ers Medi.,Mangor,NM,yn → ym before p/b/m; NM: b→m.
"Nasal, Contact",Preposition,yn (in),Tregaron,placename,Roedden ni yn,dros yr haf.,Nhregaron,NM,yn stays yn; NM: t→nh.
"Nasal, Contact",Preposition,yn (in),Tywyn,placename,Aethon ni yn,fis Mai.,Nhywyn,NM,yn stays yn; NM: t→nh.
"Nasal, Contact",Preposition,yn (in),Dulyn,placename,Buon ni yn,dros y Nadolig.,Nulyn,NM,yn stays yn; NM: d→n.
"Nasal, Contact",Preposition,yn (in),Treorci,placename,Maen nhw yn,ers blynyddoedd.,Nhreorci,NM,yn stays yn; NM: t→nh.
None,Preposition,yn (in),Aberystwyth,placename,Roedd hi yn,am dri diwrnod.,Aberystwyth,NONE,Vowel-initial: no visible NM; form is yn.
None,Preposition,yn (in),Llanelli,placename,Symudon ni yn,fis diwethaf.,Llanelli,NONE,ll- is immune to NM; yn form used.
None,Preposition,yn (in),Rhos,placename,Maen nhw yn,ers blynyddoedd.,Rhos,NONE,rh- is immune to NM; yn form used.
None,Preposition,yn (in),tŷ,noun-masc,Roedd y llyfr yn y,y bore hwn.,tŷ,NONE,"Article intervenes (yn y …), so no contact NM reaches the noun."
"Soft, Contact",Adjective+Noun,fem sg noun → adj,bach,adj,Gwelais i merch,yn y parc.,fach,SM,An adjective following a feminine singular noun soft-mutates (ll/rh exempt).
"Soft, Contact",Adjective+Noun,fem sg noun → adj,mawr,adj,Darllenon ni stori,am y daith.,fawr,SM,Fem-sg noun + following adjective → SM.
"Soft, Contact",Adjective+Noun,fem sg noun → adj,bychan,adj,Dewison nhw gardd,ger y tŷ.,fechan,SM,Fem-sg noun + following adjective → SM (b→f).
"Soft, Contact",Adjective+Noun,fem sg noun → adj,drud,adj,Cawson ni noson,yn y gwesty.,ddrud,SM,Fem-sg noun + following adjective → SM (d→dd).
"Soft, Contact",Adjective+Noun,fem sg noun → adj,trwm,adj,Cododd hi cadair,at y ffenest.,drom,SM,Fem-sg noun + following adjective → SM (t→d).
"Soft, Contact",Adjective+Noun,fem sg noun → adj,clyd,adj,Dewison nhw siop,yn y dref.,glyd,SM,Fem-sg noun + following adjective → SM (c→g).
"Soft, Contact",Adjective+Noun,fem sg noun → adj,Cymraeg,adj,Mae hon yn iaith,bwysig iawn.,Gymraeg,SM,Fem-sg noun + following adjective → SM (c→g).
"Soft, Contact",Adjective+Noun,fem sg noun → adj,brysur,adj,Mae’r canolfan,trwy’r dydd.,frysur,SM,Fem-sg noun + following adjective → SM (b→f).
"Soft, Contact",Adjective+Noun,fem sg noun → adj,da,adj,Dewison nhw gorsaf,i newid trenau.,dda,SM,Fem-sg noun + following adjective → SM (d→dd).
"Soft, Contact",Adjective+Noun,fem sg noun → adj,teg,adj,Mae’r gymdeithas,i bawb.,deg,SM,Fem-sg noun + following adjective → SM (t→d).
None,Adjective+Noun,fem sg noun → adj,llawen,adj,Cwrddon ni â merch,ar ôl y gêm.,llawen,NONE,"After a fem-sg noun, adjectives in ll don’t mutate (ll immutable)."
None,Adjective+Noun,fem sg noun → adj,rhad,adj,Prynon ni stori,am fargen.,rhad,NONE,"After a fem-sg noun, rh is immune to SM."
None,Adjective+Noun,fem sg noun → adj,llawn,adj,Cawson ni noson,o gerddoriaeth.,llawn,NONE,ll does not soft-mutate.
None,Adjective+Noun,fem sg noun → adj,rhyfedd,adj,Cawson ni gwers,heddiw.,rhyfedd,NONE,rh does not soft-mutate.
"Soft, Contact",Adjective+Noun,hen (preposed) → noun,dyn,noun-masc,Dyma hen,yn aros wrth y drws.,ddyn,SM,"Preposed hen soft-mutates the following noun (c/p/t/dyn, etc.)."
"Soft, Contact",Adjective+Noun,hen (preposed) → noun,ci,noun-masc,Maen nhw’n hoffi hen,yn fawr.,gi,SM,hen before the noun → SM (c→g).
"Soft, Contact",Adjective+Noun,hen (preposed) → noun,tŷ,noun-masc,Dywedodd e mai hen,ar werth.,dŷ,SM,hen before the noun → SM (t→d).
"Soft, Contact",Adjective+Noun,hen (preposed) → noun,plentyn,noun-masc,Roedd hen,yn chwerthin.,blentyn,SM,hen before the noun → SM (p→b).
"Soft, Contact",Adjective+Noun,hen (preposed) → noun,car,noun-masc,Prynodd e hen,llynedd.,gar,SM,hen before the noun → SM (c→g).
"Soft, Contact",Adjective+Noun,prif (preposed) → noun,gweinidog,noun-masc,Cafodd y prif,ei ethol ddoe.,weinidog,SM,Preposed prif causes SM on the noun (g→∅).
"Soft, Contact",Adjective+Noun,prif (preposed) → noun,dinas,noun-fem,Dyma’r brif,yng Nghymru.,ddinas,SM,prif/brif before noun → SM (d→dd).
"Soft, Contact",Adjective+Noun,prif (preposed) → noun,pwynt,noun-masc,Beth yw’r prif,yn y ddadl?,bwynt,SM,prif before noun → SM (p→b).
None,Adjective+Noun,None,ysgol,noun-fem,Mae’r hen,wedi cau ers tro.,ysgol,NONE,Vowel-initial nouns show no visible SM with preposed adjectives.
None,Adjective+Noun,None,llyfr,noun-masc,Dyma’r prif,ar y cwrs.,llyfr,NONE,ll does not mutate after prif.
None,Adjective+Noun,None,rheswm,noun-masc,Beth yw’r prif,dros y newid?,rheswm,NONE,rh does not mutate after prif.
None,Adjective+Noun,None,arbenigwr,noun-masc,Siaradon ni â’r prif,ddoe.,arbenigwr,NONE,Vowel-initial nouns show no visible change after preposed adjectives.
"Soft, Contact",Numerals,un (f),merch,noun-fem,Gwelais un,ger y ffenest.,ferch,SM,un (fem.) soft-mutates the following noun.
"Soft, Contact",Numerals,un (f),cath,noun-fem,Prynodd hi un,heno.,gath,SM,un (fem.) → SM (c→g).
"Soft, Contact",Numerals,un (f),dinas,noun-fem,Aethon ni i un,dros y penwythnos.,ddinas,SM,un (fem.) → SM (d→dd).
"Soft, Contact",Numerals,un (f),tafarn,noun-fem,Gyrhon ni i un,wrth y lan.,dafarn,SM,un (fem.) → SM (t→d).
"Soft, Contact",Numerals,un (f),pont,noun-fem,Croeson ni un,neithiwr.,bont,SM,un (fem.) → SM (p→b).
None,Numerals,un (m),bachgen,noun-masc,Gwelais un,yn y dosbarth.,bachgen,NONE,un (masc.) does not mutate the noun.
None,Numerals,un (m),car,noun-masc,Prynodd e un,yr wythnos ddiwethaf.,car,NONE,un (masc.) → no mutation.
None,Numerals,un (m),tŷ,noun-masc,Edrychon ni ar un,ar werth.,tŷ,NONE,un (masc.) → NONE.
None,Numerals,un (m),papur,noun-masc,Collais un,ar y trên.,papur,NONE,un (masc.) → NONE.
None,Numerals,un (m),afal,noun-masc,Ces i un,ar ôl cinio.,afal,NONE,Vowel-initial shows no change.
"Soft, Contact",Numerals,dau (m),ci,noun-masc,Mae gen i dau,yn y tŷ.,gi,SM,dau (masc.) triggers SM (c→g).
"Soft, Contact",Numerals,dau (m),tŷ,noun-masc,Gwelsom dau,ar y stryd hon.,dŷ,SM,dau → SM (t→d).
"Soft, Contact",Numerals,dau (m),pen,noun-masc,Cawsom dau,i’w defnyddio.,ben,SM,dau → SM (p→b).
"Soft, Contact",Numerals,dwy (f),cath,noun-fem,Gwelais dwy,yn cysgu.,gath,SM,dwy (fem.) triggers SM (c→g).
"Soft, Contact",Numerals,dwy (f),merch,noun-fem,Daeth dwy,i’r cyfarfod.,ferch,SM,dwy → SM (m→f).
"Soft, Contact",Numerals,dwy (f),cadair,noun-fem,Mae angen dwy,yn y gegin.,gadair,SM,dwy → SM (c→g).
"Aspirate, Contact",Numerals,tri (m),car,noun-masc,Prydleson ni tri,y mis hwn.,char,AM,tri (masc.) triggers AM (c→ch).
"Aspirate, Contact",Numerals,tri (m),papur,noun-masc,Darllenon ni tri,ar y bws.,phapur,AM,tri → AM (p→ph).
"Aspirate, Contact",Numerals,tri (m),tocyn,noun-masc,Prynodd hi tri,ar-lein.,thocyn,AM,tri → AM (t→th).
None,Numerals,tair (f),cath,noun-fem,Mae ganddi tair,gartref.,cath,NONE,tair (fem.) usually does not mutate.
None,Numerals,tair (f),merch,noun-fem,Daeth tair,yn gynnar.,merch,NONE,tair → NONE.
None,Numerals,pedwar (m),car,noun-masc,Gwelson ni pedwar,ar y lôn.,car,NONE,pedwar does not mutate the noun.
None,Numerals,pedair (f),cadair,noun-fem,Mae pedair,yn y swyddfa.,cadair,NONE,pedair → NONE.
None,Numerals,pump → pum,llyfr,noun-masc,Prynodd e pum,ddoe.,llyfr,NONE,pum (form before noun) does not trigger mutation.
None,Numerals,pump → pum,eisteddiad,noun-masc,Cofrestrodd hi pum,eleni.,eisteddiad,NONE,pum → NONE (vowel after).
"Aspirate, Contact",Numerals,chwech → chwe,car,noun-masc,Maen nhw’n prynu chwe,eleni.,char,AM,chwe before nouns triggers AM (c→ch).
"Aspirate, Contact",Numerals,chwech → chwe,tocyn,noun-masc,Prynodd y clwb chwe,ar gyfer y gêm.,thocyn,AM,chwe → AM (t→th).
None,Numerals,saith,tafarn,noun-fem,Roedd saith,ar gau.,tafarn,NONE,saith does not mutate the noun.
None,Numerals,wyth,tŷ,noun-masc,Gwelsom wyth,ar y stryd.,tŷ,NONE,wyth → NONE.
None,Numerals,naw,pobl,noun-pl,Daeth naw,i’r cyfarfod.,pobl,NONE,naw → NONE.
None,Numerals,deg,car,noun-masc,Gwelais deg,mewn rhes.,car,NONE,deg → NONE.
None,Numerals,tri (m),llanc,noun-masc,Gwelson ni tri,ger y lan.,llanc,NONE,ll- doesn’t aspirate: deliberate NIL after tri.
None,Numerals,tri (m),rhestr,noun-fem,Darllenon ni tri,yn y dosbarth.,rhestr,NONE,rh- doesn’t aspirate: NIL after tri.
None,Numerals,tri (m),afal,noun-masc,Brynodd e tri,i’r plant.,afal,NONE,Vowel-initial: no visible AM after tri.
"Aspirate, Contact",Negation,Negative short past structure,clywais,verb,,i ddim.,Chlywais,AM,Negative short past → c→ch; verb precedes subject + ddim.
"Aspirate, Contact",Negation,Negative short past structure,brynodd,verb,,Tom ddim.,Phrynodd,AM,Negative short past → p→ph; verb precedes subject + ddim.
"Aspirate, Contact",Negation,Negative short past structure,talon,verb,,nhw ddim.,Thalon,AM,Negative short past → t→th; verb precedes subject + ddim.
"Aspirate, Contact",Negation,Negative short past structure,torrais,verb,,i ddim ddoe.,Thorrais,AM,Negative short past → t→th; verb precedes subject + ddim.
"Aspirate, Contact",Negation,Negative short past structure,tyfodd,verb,,e ddim eleni.,Thyfodd,AM,Negative short past → t→th; verb precedes subject + ddim.
"Aspirate, Contact",Negation,Negative short past structure,prynon,verb,,ni ddim y tocynnau.,Phrynon,AM,Negative short past → p→ph; verb precedes subject + ddim.
"Aspirate, Contact",Negation,Negative short future structure,clywaf,verb,,i ddim fory.,Chlywaf,AM,Negative short future → c→ch; verb precedes subject + ddim.
"Aspirate, Contact",Negation,Negative short future structure,pryniff,verb,,Tom ddim yfory.,Phryniff,AM,Negative short future → p→ph; verb precedes subject + ddim.
"Aspirate, Contact",Negation,Negative short future structure,talan,verb,,nhw ddim am dalu.,Thalan,AM,Negative short future → t→th; verb precedes subject + ddim.
"Aspirate, Contact",Negation,Negative short future structure,torraf,verb,,i ddim heddiw.,Thorraf,AM,Negative short future → t→th; verb precedes subject + ddim.
"Aspirate, Contact",Negation,Negative short future structure,tyfa,verb,,e ddim yma.,Thyfa,AM,Negative short future → t→th; verb precedes subject + ddim.
"Aspirate, Contact",Conjunction,â,parot,noun-masc,mor swnllyd â,.,pharot,AM,â (“as”) causes AM on next c/p/t (here p→ph).
"Aspirate, Contact",Conjunction,â,Pontypridd,placename,mor bell â,.,Phontypridd,AM,â (“as”) → p→ph.
"Aspirate, Contact",Conjunction,â,tacsi,noun-masc,mor gyflym â,.,thacsi,AM,â (“as”) → t→th.
"Aspirate, Contact",Conjunction,na,coeden,noun-fem,yn dalach na,.,choeden,AM,na (“than”) causes AM on following c/p/t (c→ch).
"Aspirate, Contact",Conjunction,na,Canada,placename,yn oerach na,.,Chanada,AM,na (“than”) → c→ch.
"Aspirate, Contact",Conjunction,na,papur,noun-masc,yn ysgafnach na,cardfwrdd.,phapur,AM,na (“than”) → p→ph.
"Aspirate, Contact",Conjunction,na,tŷ,noun-masc,yn fwy diogel na,ar y stryd.,thŷ,AM,na (“than”) → t→th.
"Aspirate, Contact",Particle,Na,cewch,verb,Na,!,chewch,AM,Negative reply Na aspirates next c/p/t finite verb.
"Aspirate, Contact",Particle,Na,cawn,verb,Na,!,chawn,AM,Na + verb → AM (c→ch).
"Aspirate, Contact",Particle,Na,cei,verb,Na,!,chei,AM,Na + verb → AM (c→ch).
"Aspirate, Contact",Preposition,â + VN,cadw,verb-noun,Peidiwch â,sŵn!,chadw,AM,â before a verb-noun in negative commands triggers AM.
"Aspirate, Contact",Preposition,â + VN,poeni,verb-noun,Paid â,!,phoeni,AM,â + VN → p→ph (negative command).
"Aspirate, Contact",Preposition,â + VN,torri,verb-noun,Peidiwch â,’r rheolau!,thorri,AM,â + VN → t→th (negative command).
"Aspirate, Contact",Preposition,â + VN,tynnu,verb-noun,Paid â,llun!,thynnu,AM,â + VN → t→th (negative command).
"Soft, Contact",Possessive,dy,caru,verb-noun,Dw i’n dy,di.,garu,SM,dy soft-mutates a following VN (c→g).
None,Possessive,eich,caru,verb-noun,Dw i’n eich,chi.,caru,NONE,eich (and ein/eu) don’t mutate the VN.
"Aspirate, Contact",Possessive,ei (her),caru,verb-noun,Dw i’n ei,hi.,charu,AM,ei (her) aspirates c/p/t of the VN (c→ch).
"Soft, Contact",Possessive,ei (his),caru,verb-noun,Dw i’n ei,fe.,garu,SM,ei (his) soft-mutates the VN (c→g).
"Nasal, Contact",Possessive,fy,caru,verb-noun,Mae hi’n fy,i.,ngharu,NM,fy nasal-mutates the VN (c→ngh).
None,Possessive,ein,caru,verb-noun,Maen nhw’n ein,ni.,caru,NONE,ein causes no mutation on the VN.
None,Possessive,eu,caru,verb-noun,Dw i’n eu,nhw.,caru,NONE,eu (their) → no mutation (standard).
"Soft, Contact",Possessive,dy,gweld,verb-noun,Dw i’n dy,di bob dydd.,weld,SM,g- deletes under SM: gweld → weld.
"Aspirate, Contact",Possessive,ei (her),talu,verb-noun,Dw i’n ei,hi cyn mynd.,thalu,AM,ei (her): t→th on VN.
"Soft, Contact",Possessive,ei (his),prynu,verb-noun,Dw i’n ei,fe ar-lein.,brynu,SM,ei (his): p→b on VN.
"Nasal, Contact",Possessive,fy,gweld,verb-noun,Mae e’n fy,i ar y stryd.,ngweld,NM,fy: g→ng (gweld→ngweld).
"Soft, Contact",Possessive,dy,talu,verb-noun,Wnei di dy,di heddiw?,dalu,SM,dy: t→d (talu→dalu).
None,Possessive,eich,talu,verb-noun,Wnewch chi eich,chi heddiw?,talu,NONE,eich → no mutation.
"Aspirate, Contact",Possessive,ei (her),prynu,verb-noun,A wnei di ei,hi yfory?,phrynu,AM,ei (her): p→ph.
"Soft, Contact",Possessive,ei (his),cyflog,verb-noun,Gofynnodd e am ei,yn gynnar.,gyflog,SM,ei (his): t→d.
"Nasal, Contact",Possessive,fy,talu,verb-noun,Mae hi’n fy,i arlein.,nhalu,NM,fy: t→nh.
None,Possessive,ein,gweld,verb-noun,Maen nhw’n ein,ni ar Teams.,gweld,NONE,ein → NONE.
None,Possessive,eu,talu,verb-noun,Rhaid iddyn nhw eu,nhw heno.,talu,NONE,eu → NONE.
"Soft, Contact",Possessive,dy,tŷ,noun-masc,Es i i dy,di heddiw.,dŷ,SM,dy + noun → SM (t→d).
"Soft, Contact",Possessive,ei (his),pen,noun-masc,Taro’ch chi ei,fe.,ben,SM,ei (his) + noun → SM (p→b).
"Aspirate, Contact",Possessive,ei (her),tad,noun-masc,Siaradais â ei,hi ddoe.,thad,AM,ei (her) + noun → AM (t→th).
"Nasal, Contact",Possessive,fy,ci,noun-masc,Dyma fy,i.,nghi,NM,fy + noun → NM (c→ngh).
None,Possessive,ein,merch,noun-fem,Cyfarfuom â ein,ni.,merch,NONE,ein + noun → NONE.
None,Possessive,eich,plant,noun-pl,Gwelais eich,chi ddoe.,plant,NONE,eich + noun → NONE.
None,Possessive,eu,cartref,noun-masc,Es i i eu,nhw.,cartref,NONE,eu + noun → NONE.
"Soft, Contact",Preposition,iddo fe,mynd,verb-noun,Mae’n hen bryd iddo fe,adref.,fynd,SM,i/idd- causes SM on VN (m→f).
"Soft, Contact",Preposition,iddi hi,dod,verb-noun,Mae’n bwysig iddi hi,yn gynnar.,ddod,SM,iddi + VN → SM (d→dd).
"Soft, Contact",Preposition,iddyn nhw,prynu,verb-noun,Mae’n well iddyn nhw,tocynnau nawr.,brynu,SM,iddyn + VN → SM (p→b).
"Soft, Contact",Preposition,i ni,cyrraedd,verb-noun,Mae’n ddoeth i ni,erbyn wyth.,gyrraedd,SM,i + VN → SM (c/g/… as applicable: c→g).
"Soft, Contact",Preposition,i chi,talu,verb-noun,Mae’n rhaid i chi,heddiw.,dalu,SM,i + VN → SM (t→d).
"Soft, Contact",Preposition,iddo fe,gweld,verb-noun,Mae’n anodd iddo fe,y gwir.,weld,SM,i/idd- + VN: g-deletes (gweld→weld).
"Soft, Contact",Preposition,iddi hi,cymryd,verb-noun,Mae’n bryd iddi hi,seibiant.,gymryd,SM,iddi + VN: c→g.
None,Possessive,ein,caru,verb-noun,"Rydyn ni’n ein ",ni bob dydd.,caru,NONE,Reinforces that ein never mutates the VN.
None,Possessive,eich,gweld,verb-noun,"Rydyn ni’n eich ",chi’n aml.,gweld,NONE,eich → NONE (g- stays).
"Soft, Contact",Article,"y (def. art., fem sg)",canolfan,noun-fem,"Cwrdd yn y ",bore fory.,ganolfan,SM,Feminine sg after y → SM: c→g (y ganolfan).
"Soft, Contact",Article,"y (def. art., fem sg)",cymdeithas,noun-fem,"Mai’r cyfarfod gyda’r ",lleol.,gymdeithas,SM,Fem sg after y → SM: c→g (y gymdeithas).
"Soft, Contact",Article,"yr (def. art., fem sg)",gorsaf,noun-fem,"Cwrdd yn yr ",heno.,orsaf,SM,Fem sg after yr → SM: g→∅; vowel onset requires ‘yr’ (yr orsaf).
"Soft, Contact",Article,"y (def. art., fem sg)",marchnad,noun-fem,"Prynodd ffrwythau yn y ",ddoe.,farchnad,SM,Fem sg after y → SM: m→f (y farchnad).
None,Article,"y (def. art., fem sg)",swydd,noun-fem,"Mae hi yn y ",newydd.,swydd,NONE,s- is not affected by SM; fem sg NIL (y swydd).
"Soft, Contact",Article,"yr (def. art., fem sg)",cân,noun-fem,"Clod i’r ",orau.,gân,SM,Fem sg after yr → SM: c→g (yr gân).
"Soft, Contact",Article,"y (def. art., fem sg)",cerddoriaeth,noun-fem,"Wrando ar y ",yng nghyngerdd.,gerddoriaeth,SM,Fem sg after y → SM: c→g (y gerddoriaeth).
None,Article,"y (def. art., masc sg)",prynhawn,noun-masc,"Te yn y ",bob dydd.,prynhawn,NONE,Masculine sg after the article: no mutation (y prynhawn).
None,Article,"yr (def. art., masc sg)",bore,noun-masc,"Symud y cyfarfod i’r ",yfory.,bore,NONE,Masculine sg after the article: no mutation (yr bore).
None,Article,"y (def. art., masc sg)",bachgen,noun-masc,"Roedd y ",yn hapus.,bachgen,NONE,Masculine sg after the article: no mutation (y bachgen).
None,Article,"y (def. art., masc sg)",dyn,noun-masc,"Gwelais y ",neithiwr.,dyn,NONE,Masculine sg after the article: no mutation (y dyn).
None,Article,"y (def. art., fem sg)",swydd,noun-fem,"Mae hi yn y ",newydd.,swydd,NONE,s- is not affected by SM; fem sg NIL (y swydd).
"Soft, Contact",Article,"yr (def. art., fem sg)",cân,noun-fem,"Clod i’r ",orau.,gân,SM,Fem sg after yr → SM: c→g (yr gân).
"Soft, Contact",Article,"y (def. art., fem sg)",cerddoriaeth,noun-fem,"Wrando ar y ",yng nghyngerdd.,gerddoriaeth,SM,Fem sg after y → SM: c→g (y gerddoriaeth).
None,Article,"y (def. art., masc sg)",prynhawn,noun-masc,"Te yn y ",bob dydd.,prynhawn,NONE,Masculine sg after the article: no mutation (y prynhawn).
None,Article,"yr (def. art., masc sg)",bore,noun-masc,"Symud y cyfarfod i’r ",yfory.,bore,NONE,Masculine sg after the article: no mutation (yr bore).
None,Article,"y (def. art., masc sg)",bachgen,noun-masc,"Roedd y ",yn hapus.,bachgen,NONE,Masculine sg after the article: no mutation (y bachgen).
None,Article,"y (def. art., masc sg)",dyn,noun-masc,"Gwelais y ",neithiwr.,dyn,NONE,Masculine sg after the article: no mutation (y dyn).
None,Article,"y (def. art., masc sg)",dosbarth,noun-masc,"Dechrau yn y ",am ddeg.,dosbarth,NONE,Masculine sg after the article: no mutation (y dosbarth).
None,Article,"y (def. art., masc sg)",clwb,noun-masc,"Mae y ",yn cyfarfod heno.,clwb,NONE,Masculine sg after the article: no mutation (y clwb).
None,Article,"y (def. art., masc sg)",cwmni,noun-masc,"Mae’r swydd yn y ",lleol.,cwmni,NONE,Masculine sg after the article: no mutation (y cwmni).
None,Article,"y (def. art., masc sg)",papur,noun-masc,"Daliwch y ",yn dwt.,papur,NONE,Masculine sg after the article: no mutation (y papur).
None,Article,"y (def. art., masc sg)",ffrind,noun-masc,"Galwodd y ",drosodd.,ffrind,NONE,ff- is unaffected; masculine sg shows NIL (y ffrind).
None,Article,"yr (def. art., masc sg)",afal,noun-masc,"Bwyta’r ",yn gyntaf.,afal,NONE,Vowel-initial noun: article = ‘yr’; no mutation with masc sg (yr afal).
"Soft, Contact",Article,"y (def. art., fem sg)",celf,noun-fem,"Astudio'r hanes a'r damcaniaeth yn y ",.,gelf,SM,"Fem. sg. after y → SM: c→g (y gelf)."
"Soft, Contact",Article,"y (def. art., fem sg)",cyfraith,noun-fem,"Maen nhw'n trafod y ",heno.,gyfraith,SM,"Fem. sg. after y → SM: c→g (y gyfraith)."
"Soft, Contact",Article,"y (def. art., fem sg)",tref,noun-fem,"Byw yn y ",ers blynyddoedd.,dref,SM,"Fem. sg. after y → SM: t→d (y dref)."
"Soft, Contact",Article,"y (def. art., fem sg)",baner,noun-fem,"Codi'r ",ar ddechrau'r gêm.,faner,SM,"Fem. sg. after y → SM: b→f (y faner)."
"Soft, Contact",Article,"y (def. art., fem sg)",desg,noun-fem,"Gadewch y llythyrau ar y ",.,ddesg,SM,"Fem. sg. after y → SM: d→dd (y ddesg)."
"Soft, Contact",Article,"y (def. art., fem sg)",cerdd,noun-fem,"Darllenon ni'r ",yn y wers.,gerdd,SM,"Fem. sg. after y → SM: c→g (y gerdd)."
"Soft, Contact",Article,"y (def. art., fem sg)",cenedl,noun-fem,"Hanes y ",yn ddiddorol.,genedl,SM,"Fem. sg. after y → SM: c→g (y genedl)."
None,Article,"yr (def. art., fem sg)",ysgol,noun-fem,"Mae'r plant yn yr ",heddiw.,ysgol,NONE,"Vowel-initial fem noun: article = ‘yr’; no visible SM (yr ysgol)."
None,Article,"yr (def. art., fem sg)",ardal,noun-fem,"Byw yn yr ",ers 2010.,ardal,NONE,"Vowel-initial fem noun: article = ‘yr’; no visible SM (yr ardal)."
None,Article,"y (def. art., fem sg; s- nil)",swydd,noun-fem,"Mae hi yn y ",newydd.,swydd,NONE,"s- not affected by SM; fem sg NIL (y swydd)."
None,Article,"y (def. art., fem sg; rh/ll exceptions)",rhan,noun-fem,"Dyma y ",bwysig.,rhan,NONE,"rh- does not soft-mutate after y (y rhan)."
None,Article,"y (def. art., fem sg; rh/ll exceptions)",llywodraeth,noun-fem,"Penderfyniad y ",a gyhoeddwyd.,llywodraeth,NONE,"ll- does not soft-mutate after y (y llywodraeth)."
None,Article,"yr (def. art., masc sg)",amser,noun-masc,"Gwelwn ni hyn yr ",holl amser.,amser,NONE,"Masc sg after article → no mutation; vowel requires ‘yr’ (yr amser)."
None,Article,"y (def. art., masc sg)",gwaith,noun-masc,"Rydw i yn y ",hyd at chwech.,gwaith,NONE,"Masc sg after the article: no mutation (y gwaith)."
None,Article,"yr (def. art., masc sg)",arian,noun-masc,"Siarad am yr ",yn aml.,arian,NONE,"Masc sg; vowel → ‘yr’; no mutation (yr arian)."
None,Article,"y (def. art., masc sg)",bws,noun-masc,"Dal y ",yn gynnar.,bws,NONE,"Masc sg after the article: no mutation (y bws)."
None,Article,"y (def. art., masc sg)",tywydd,noun-masc,"Siarad am y ",bob dydd.,tywydd,NONE,"Masc sg after the article: no mutation (y tywydd)."
None,Article,"y (def. art., masc sg)",pris,noun-masc,"Cofnodwch y ",yn y tabl.,pris,NONE,"Masc sg after the article: no mutation (y pris)."
"Soft, Contact",Article,"y (def. art., fem sg)",cefnogaeth,noun-fem,"Mae’r prosiect yn dibynnu ar y ",gan bawb.,gefnogaeth,SM,"Fem. sg after y → SM: c→g (y gefnogaeth)."
"Soft, Contact",Article,"y (def. art., fem sg)",celfyddyd,noun-fem,"Astudion ni’r ",yn y brifysgol.,gelfyddyd,SM,"Fem. sg after y → SM: c→g (y gelfyddyd)."
"Soft, Contact",Article,"y (def. art., fem sg)",cynulleidfa,noun-fem,"Roedd y darlith yn denu’r ",leol.,gynulleidfa,SM,"Fem. sg after y → SM: c→g (y gynulleidfa)."
"Soft, Contact",Article,"y (def. art., fem sg)",trefn,noun-fem,"Cadwch y ",yn y swyddfa.,drefn,SM,"Fem. sg after y → SM: t→d (y drefn)."
"Soft, Contact",Article,"y (def. art., fem sg)",poen,noun-fem,"Cymer meddyginiaeth ar gyfer y ",yn dy ben.,boen,SM,"Fem. sg after y → SM: p→b (y boen)."
"Soft, Contact",Article,"y (def. art., fem sg)",menyw,noun-fem,"Gwelais i’r ",yn siarad.,fenyw,SM,"Fem. sg after y → SM: m→f (y fenyw)."
"Soft, Contact",Article,"y (def. art., fem sg)",potel,noun-fem,"Rhoi’r dŵr yn y ",cŵl.,botel,SM,"Fem. sg after y → SM: p→b (y botel)."
"Soft, Contact",Article,"y (def. art., fem sg)",darlith,noun-fem,"Dechreuodd y ",am ddau.,ddarlith,SM,"Fem. sg after y → SM: d→dd (y ddarlith)."
"Soft, Contact",Article,"y (def. art., fem sg)",diod,noun-fem,"Archebodd hi’r ",yn gyntaf.,ddiod,SM,"Fem. sg after y → SM: d→dd (y ddiod)."
"Soft, Contact",Article,"y (def. art., fem sg)",dolen,noun-fem,"Cliciwch ar y ",isod.,ddolen,SM,"Fem. sg after y → SM: d→dd (y ddolen)."
"Soft, Contact",Article,"y (def. art., fem sg)",prifddinas,noun-fem,"Teithio i’r ",yn aml.,brifddinas,SM,"Fem. sg after y → SM: p→b (y brifddinas)."
"Soft, Contact",Article,"y (def. art., fem sg)",gwybodaeth,noun-fem,"Darllen y ",yn ofalus.,wybodaeth,SM,"Fem. sg after y → SM: g→∅ (y wybodaeth)."
None,Article,"yr (def. art., fem sg)",amgueddfa,noun-fem,"Aethon ni i’r ",ddoe.,amgueddfa,NONE,"Vowel-initial fem noun: article = ‘yr’; no visible SM (yr amgueddfa)."
None,Article,"y (def. art., fem sg; s- nil)",stryd,noun-fem,"Cerddon ni lawr y ",brif.,stryd,NONE,"s- not affected by SM; fem sg NIL (y stryd)."
None,Article,"y (def. art., fem sg; s- nil)",stori,noun-fem,"Darllen y ",heno.,stori,NONE,"s- not affected by SM; fem sg NIL (y stori)."
None,Article,"y (def. art., fem sg; rh/ll exceptions)",rheol,noun-fem,"Cadwch at y ",bob amser.,rheol,NONE,"rh- does not soft-mutate after y (y rheol)."
None,Article,"y (def. art., fem sg; ll- exception)",lliw,noun-fem,"Dewis y ",cywir.,lliw,NONE,"ll- does not soft-mutate after y (y lliw)."
None,Article,"yr (def. art., fem sg)",afon,noun-fem,"Cerdded ar hyd yr ",heddiw.,afon,NONE,"Vowel-initial fem noun: article = ‘yr’; no visible SM (yr afon)."
None,Article,"y (def. art., masc sg)",cariad,noun-masc,"Siarad am y ",yn aml.,cariad,NONE,"Masculine sg after the article: no mutation (y cariad)."
None,Article,"y (def. art., masc sg)",map,noun-masc,"Edrych ar y ",cyn gadael.,map,NONE,"Masculine sg after the article: no mutation (y map)."
None,Article,"y (def. art., masc sg)",cydweithiwr,noun-masc,"Cyfarfod â’r ",yn ddiweddarach.,cydweithiwr,NONE,"Masculine sg after the article: no mutation (y cydweithiwr)."
None,Article,"yr (def. art., masc sg)",enw,noun-masc,"Ysgrifennwch yr ",yn glir.,enw,NONE,"Vowel-initial masc noun: article = ‘yr’; no mutation (yr enw)."
None,Article,"yr (def. art., masc sg)",oed,noun-masc,"Nodwch yr ",ar y ffurflen.,oed,NONE,"Vowel-initial masc noun: article = ‘yr’; no mutation (yr oed)."
None,Article,"y (def. art., masc sg; ll-/rh exceptions)",llun,noun-masc,"Edrych ar y ",yn y llyfr.,llun,NONE,"ll- not affected by SM; masc sg NIL (y llun)."
None,Article,"y (def. art., masc sg; rh exception)",rhiant,noun-masc,"Siaradodd y ",â’r athro.,rhiant,NONE,"rh- not affected by SM; masc sg NIL (y rhiant)."
"Soft, Contact","Adjective+Noun","hen","ci","noun-masc","Roedden ni’n gweld yr hen","yn y cae.","gi","SM","Preposed adjective hen causes Soft Mutation (c→g), so ci→gi. Adjectives before the noun cause SM (except pob). "
"Soft, Contact","Adjective+Noun","hen","tŷ","noun-masc","Maen nhw’n trwsio’r hen","ger y bont.","dŷ","SM","hen triggers SM (t→d): tŷ→dŷ. "
"Soft, Contact","Adjective+Noun","prif","diben","noun-masc","Cafodd y prif","ei drafod yn y cyfarfod.","ddiben","SM","prif before a noun causes SM (d→dd): diben→ddiben. "
"Soft, Contact","Adjective+Noun","prif","bwriad","noun-masc","Dyma’r prif","yn y prosiect.","fwriad","SM","Preposed prif soft-mutates (b→f): bwriad→fwriad. "
"Soft, Contact","Adjective+Noun","Prif","Gweinidog","noun-masc","Cyhoeddodd y Prif","y penderfyniad.","Weinidog","SM","Set phrase shows the rule: prif causes SM and initial g disappears under SM → Weinidog. "
"Soft, Contact","Adjective+Noun","prif","pwrpas","noun-masc","Pa yw’r prif","o’r cynllun?","bwrpas","SM","prif causes SM (p→b): pwrpas→bwrpas. "
"Soft, Contact","Adjective+Noun","yr holl","gwaith","noun-masc","Fe wnaethon ni yr holl","cyn amser.","waith","SM","Preposed adjective ‘holl’ causes Soft Mutation on the following noun (g→∅, p→b, t→d, etc.). Sogwaith → waith after yr holl."
"Soft, Contact","Adjective+Noun","yr holl","dillad","noun-plural","Golchwyd yr holl","cyn y daith.","ddillad","SM","‘holl’ before the noun triggers SM, so dillad → ddillad after yr holl."
"Soft, Contact","Adjective+Noun","holl","plant","noun-plural","Daeth eu holl","yn ôl yn ddiogel.","blant","SM","holl before a noun causes SM (p→b): plant→blant. "
"Soft, Contact","Adjective+Noun","ambell","tro","noun-masc","Weithiau mae ambell","yn tynnu sylw.","dro","SM","ambell ‘occasional’ precedes and causes SM (t→d): tro→dro. "
"Soft, Contact","Adjective+Noun","ambell","cân","noun-fem","Clywsom ni ambell","ar y radio.","gân","SM","ambell triggers SM (c→g): cân→gân. "
"Soft, Contact","Adjective+Noun","ambell","gwall","noun-masc","Nid oes ond ambell","yn y ddogfen.","wall","SM","With SM, initial g disappears: gwall→wall after ambell. "
"Soft, Contact","Adjective+Noun","unig","plentyn","noun-masc","Maen nhw’n magu unig","ar hyn o bryd.","blentyn","SM","unig before the noun causes SM (p→b): plentyn→blentyn (cf. unig blentyn ‘only child’). "
"Soft, Contact","Adjective+Noun","unig","dadl","noun-fem","Dyma’r unig","a godwyd yn y pwyllgor.","ddadl","SM","Preposed unig soft-mutates (d→dd): dadl→ddadl. "
"Soft, Contact","Adjective+Noun","cyn-","llywydd","noun-masc","Siaradodd y cyn-","yn y seremoni.","lywydd","SM","Attached preposed modifier cyn- causes SM (ll→l): llywydd→lywydd (cyn-lywydd). "
"Soft, Contact","Adjective+Noun","uwch-","capten","noun-masc","Penodwyd uwch-","yn y fyddin.","gapten","SM","uwch- precedes and causes SM (c→g): capten→gapten (uwch-gapten). "
"Soft, Contact","Adjective+Noun","is-","golygydd","noun-masc","Dysgais lawer gan yr is-","yn y tîm.","olygydd","SM","is- as a preposed modifier causes SM; initial g disappears: golygydd→olygydd. "
"Soft, Contact","Adjective+Noun","dirprwy","pennaeth","noun-masc","Holwch y dirprwy","os oes cwestiynau pellach.","bennaeth","SM","dirprwy used preposed causes SM (p→b): pennaeth→bennaeth. "
"None","Adjective+Noun","pob","tŷ","noun-masc","Mae pob","yn y stryd wedi’i baentio’n wyn.","tŷ","NONE","Exception: pob always comes before the noun but does not soft-mutate it (no change here). "
"None","Adjective+Noun","pob","ci","noun-masc","Rydyn ni’n gwobrwyo pob","ar ôl y wers.","ci","NONE","pob is the standard exception to the preposed-adjective SM rule; therefore no mutation."
"Soft, Structure","SubjectBoundary","Subject boundary (after subject)","mynd","verb-noun","Wnaethon nhw ","adref neithiwr.","fynd","SM","After the subject, the first element of the complement soft-mutates: mynd→fynd. This is the core VSºO ‘subject-boundary’ rule in spoken Welsh. "
"Soft, Structure","SubjectBoundary","Subject boundary (after subject)","gweld","verb-noun","Alla i ","o fan hyn.","weld","SM","Non-bod auxiliary + subject → VN soft-mutates (g→∅): gweld→weld, because there is no linking ‘yn’ to block it. "
"Soft, Structure","SubjectBoundary","Subject boundary (after subject)","dod","verb-noun","Wnei di ","yn gynnar?","ddod","SM","After the subject boundary the VN takes SM (d→dd): dod→ddod. Spoken rule, not a contact trigger. "
"Soft, Structure","SubjectBoundary","Subject boundary (after subject)","prynu","verb-noun","Wnes i ","’r tocyn ddoe.","brynu","SM","Inflected gwneud as auxiliary + subject → SM on the VN: prynu→brynu. "
"Soft, Structure","SubjectBoundary","Subject boundary (after subject)","tŷ","noun-masc","Gwelodd e ","bach ger y traeth.","dŷ","SM","After the subject e, the object starts the complement and soft-mutates (t→d): tŷ→dŷ. "
"Soft, Structure","SubjectBoundary","Subject boundary (after subject)","car","noun-masc","Prynodd Aled ","newydd ddoe.","gar","SM","The NP following the subject Aled is the first element of the complement, so it soft-mutates: car→gar. "
"Soft, Structure","SubjectBoundary","Subject boundary (after subject)","braw","noun-masc","Ces i ","pan welais i’r bil.","fraw","SM","Complement after the subject ‘i’ mutates: braw→fraw. Grammatical (subject-boundary) SM. "
"Soft, Structure","SubjectBoundary","Subject boundary (after subject)","darn","noun-masc","Gadawodd y dyn ","papur ar y ddesg.","ddarn","SM","Object immediately after the subject y dyn gets SM (d→dd): darn→ddarn. "
"Soft, Structure","SubjectBoundary","Subject boundary (after subject)","copi","noun-masc","Cymerodd Heledd ","o’r adroddiad.","gopi","SM","After the subject Heledd, the noun begins the complement and soft-mutates: copi→gopi. "
"Soft, Structure","SubjectBoundary","Subject boundary (after subject)","pwynt","noun-masc","Rhoddodd y tîm ","yn hwyr yn y gêm.","bwynt","SM","First element after the subject y tîm takes SM (p→b): pwynt→bwynt. "
"None","SubjectBoundary","Subject boundary (immutable initial)","llong","noun-fem","Gwelodd hi ","fawr ar y llyn.","llong","NONE","Subject-boundary SM applies where possible; initials like ll are immutable, so no visible change. "
"None","SubjectBoundary","Subject boundary (immutable initial)","rhiant","noun-masc","Gwelodd hi ","newydd wrth y drws.","rhiant","NONE","rh is an immutable letter under SM, so there’s no change even after the subject boundary. "
"Soft, Structure","SubjectBoundary","Subject boundary (after subject)","torri","verb-noun","Wnaeth Sioned ","y rheolau.","dorri","SM","Non-bod auxiliary + subject → VN soft-mutates (t→d): torri→dorri. "
"Soft, Structure","SubjectBoundary","Subject boundary (after subject; N)","cyrraedd","verb-noun","Ddaru nhw ","yn brydlon.","gyrraedd","SM","Northern ‘(d)daru’ as auxiliary: after the subject the VN takes SM: cyrraedd→gyrraedd. "
"Soft, Structure","SubjectBoundary","Subject boundary (after subject)","dysgu","verb-noun","Dylai hi ","mwy o Gymraeg.","ddysgu","SM","Inflected ‘dylai’ + subject → VN soft-mutates (d→dd): dysgu→ddysgu. "
"Soft, Structure","SubjectBoundary","Subject boundary (after subject)","prynu","verb-noun","Hoffwn i ","docyn nawr.","brynu","SM","Modal-type verb ‘Hoffwn’ with subject → following VN gets SM: prynu→brynu. "
"Soft, Structure","SubjectBoundary","Subject boundary (after subject)","gwybod","verb-noun","Ceson ni ","yn y cyfarfod.","wybod","SM","After the subject, the VN loses g- under SM: gwybod→wybod. This is grammatical SM, not contact. "
"Soft, Structure","SubjectBoundary","Subject boundary (after subject)","colli","verb-noun","Wnes i ","fy nhrac neithiwr!","golli","SM","Inflected gwneud + subject → VN soft-mutates (c→g): colli→golli; other mutations in the clause don’t block this grammatical SM. "
"Soft, Structure","SubjectBoundary","Subject boundary (after subject)","gweld","verb-noun","Ga i ","y rhestr, os gwelwch yn dda?","weld","SM","Inflected cael (Ga i) + subject → VN soft-mutates: gweld→weld. "
"Soft, Structure","SubjectBoundary","Subject boundary (after subject)","cynnig","noun-masc","Gafodd e ","arbennig gan y cwmni.","gynnig","SM","Noun immediately after the subject e begins the complement, so it soft-mutates: cynnig→gynnig. "
"None","SubjectBoundary","Subject boundary blocked by ‘yn’ (bod)","mynd","verb-noun","Mae hi’n ","adref rŵan.","mynd","NONE","With bod as auxiliary, the linking yn blocks the subject-boundary SM on a VN, so mynd stays radical. "
"None","SubjectBoundary","Subject boundary blocked by ‘yn’ (bod)","talu","verb-noun","Roedden nhw’n ","dros y penwythnos.","talu","NONE","In periphrastic tenses with bod, ‘yn’ must be present and cancels the otherwise expected post-subject SM on a VN. "
"Soft, Structure","SubjectBoundary","Subject boundary (after subject)","papur","noun-masc","Mi gawson ni ","dda heddiw!","bapur","SM","After the subject ni the first complement word soft-mutates (p→b): papur→bapur. Particle mi doesn’t change the rule. "
"Soft, Structure","SubjectBoundary","Subject boundary (after subject)","darllen","verb-noun","Wnaeth y plant ","y llyfr ddoe.","ddarllen","SM","Non-bod auxiliary + subject → VN takes SM (d→dd): darllen→ddarllen. "
"None","Subordinator","os","daw","verb","Os ","Freddie i’r parti, bydda i’n dweud wrtho.","daw","NONE","Use os for a real/likely ‘if’. Put a normal future/present verb after it (here daw). Os itself doesn’t cause soft mutation. "
"None","Subordinator","os","bydd","verb","Os ","hi’n dod heno, awn ni draw.","bydd","NONE","Os introduces a likely condition; follow with an ordinary future like bydd. No mutation from os. "
"None","Subordinator","os","oes","verb","Os ","ddigon o ddiddordeb, trefnwn ddosbarth.","oes","NONE","After os, use the normal form (oes ‘there is/are’ in if-clauses). Os doesn’t mutate the next word. "
"None","Subordinator","os","cewch","verb","Os ","chi gipolwg, rhowch wybod i ni.","cewch","NONE","Real ‘if’: os + ordinary future cewch. No soft mutation from os. "
"None","Subordinator","os","caiff","verb","Os ","e wahoddiad, âiff e.","caiff","NONE","Use os with a normal future form (caiff ‘will get’). Os is not a mutation trigger. "
"None","Subordinator","os","aiff","verb","Os ","hi ar y trên, bydd hi yno’n brydlon.","aiff","NONE","Likely ‘if’: os + future (aiff ‘will go’). No mutation after os. "
"None","Subordinator","os","gwelwch","verb","Os ","chi wall, anfonwch neges atom.","gwelwch","NONE","Set phrase type: os + gwelwch (‘if you see’). The g stays—os doesn’t soften it. "
"None","Subordinator","os","ewch","verb","Os ","chi’n gynnar, cawn ni ddechrau’n brydlon.","ewch","NONE","Os takes an ordinary finite verb (ewch ‘you’ll go/come’); it doesn’t mutate. "
"None","Subordinator","os","arhoswch","verb","Os ","ychydig, fe ddaw’r athro’n fuan.","arhoswch","NONE","Natural Welsh: os + simple future/imperative-like form (arhoswch). Os itself causes no SM. "
"None","Subordinator","os","byddwch","verb","Os ","chi’n gofyn, cawn ni ateb clir.","byddwch","NONE","With a real condition use os and a normal future (byddwch). No mutation from os. "
"None","Subordinator","os na","bydd","verb","Os na ","fydd hi’n barod, aroswn ni.","bydd","NONE","Negative if-clause: os na + ordinary future (bydd). Os still doesn’t mutate. "
"None","Subordinator","os","cawn","verb","Os ","ni seibiant, parhawn ni i weithio.","cawn","NONE","Another real ‘if’: os + cawn (‘we’ll get’). Os is not listed among SM triggers. "
"None","Subordinator","pe","bai","verb (bod)","Pe "," hi’n barod, gallen ni fynd.","bai","NONE","Use pe for imaginary/unreal situations: pe bai… ‘if… were’. Pe chooses conditional forms; it doesn’t mutate. "
"None","Subordinator","pe","bawn","verb (bod)","Pe "," i’n cael saib, baswn i’n dod.","bawn","NONE","Pe bawn i… ‘if I were…’. Unreal/hypothetical; pe itself is not a mutation trigger. "
"None","Subordinator","pe","tawn","verb (bod)","Pe "," i yn dy le di, fyddwn i ddim yn gwneud hynny.","tawn","NONE","Spoken/written pe tawn i (= petawn i). Same unreal meaning; no mutation from pe. "
"None","Subordinator","pe","bydden","verb (bod)","Pe "," nhw’n aros, bydden ni’n falch.","bydden","NONE","Plural conditional after pe: pe bydden nhw…. Pe marks unreality; it doesn’t mutate the verb. "
"None","Subordinator","pe","byddai","verb (bod)","Pe "," hi’n dod yn gynnar, byddai’n well.","byddai","NONE","Pe + conditional (byddai). Choose pe for hypotheticals; no soft mutation involved. "
"None","Subordinator","tasai (spoken ‘pe bai’)","clywed","verb-noun","Tasai fo’n "," hyn, swn i’n chwerthin.","clywed","NONE","Colloquial tasai fo… = pe bai e…. Tasai is already the verb ‘to be’; it doesn’t mutate the next word (clywed stays radical). "
"None","Subordinator","taswn (spoken ‘pe bawn’)","gwybod","verb-noun","Taswn i’n "," , byddwn i wedi helpu.","gwybod","NONE","Colloquial taswn i… = pe bawn i…. Again, no mutation on the following word (gwybod). "
"None","Subordinator","tase (spoken ‘pe bai’)","dod","verb-noun","Tase hi’n "," yn gynnar, âsem ni ar unwaith.","dod","NONE","Spoken tase/tasai are common (= pe bai). They don’t mutate the next word (dod unchanged). "
"None","Subordinator","tasen (spoken ‘pe bydden/basen’)","cael","verb-noun","Tasen ni’n "," mwy o amser, bydden ni’n gorffen heddiw.","cael","NONE","Plural colloquial tasen ni… matches pe bydden ni…. No mutation of the following word (cael). "
"None","Subordinator","pe na","bai","verb (bod)","Pe na "," dim ots gen ti, arhoswn ni ychydig.","bai","NONE","Negative unreal: pe na bai… ‘if … were not’. Pe signals unreality; it doesn’t trigger SM. "
"None","Subordinator","pe na","byddai","verb (bod)","Pe na "," e’n cytuno, byddai’n anodd.","byddai","NONE","Another closed negative: pe na fyddai…. Focus is the conditional form; no mutation from pe/na. "
"None","Subordinator","pe","gallai","verb","Pe "," hi esbonio, byddai’n hawdd.","gallai","NONE","With other verbs, pe still just marks unreality: pe gallai… ‘if … could’. No mutation from pe. "
"None","Subordinator","pe","gallen","verb","Pe "," ni dalu, byddai popeth yn iawn.","gallen","NONE","Pe + conditional plural (gallen ni ‘we could’) is common; pe doesn’t soften the verb. "
"Prothesis, Possessive","Possessive","ei (her)",ysgol,noun-fem,"Mae hi’n caru ei","hi yn fawr.","hysgol",NONE,"With ei (her) before a vowel-initial noun, add h- at the start: ei hysgol hi ‘her school’. This is standard; many speakers drop it in speech. "
"Prothesis, Possessive","Possessive","ein (our)",enw,noun-masc,"Beth yw ein","ni ar y rhestr?","henw",NONE,"ein + vowel-initial noun takes h- in the standard language: ein henw ni ‘our name’. "
"None, Possessive","Possessive","eich (your pl/formal)",enw,noun-masc,"Ysgrifennwch eich","chi ar frig y dudalen.","enw",NONE,"Do NOT add h- after eich in the standard language: eich enw chi (not eich henw). "
"Prothesis, Possessive","Possessive","eu (their)",arian,noun-masc,"Maen nhw wedi colli eu","nhw eto.","harian",NONE,"eu + vowel-initial noun takes h-: eu harian nhw ‘their money’. "
"Prothesis, Possessive","Possessive","ei (her)",oedran,noun-masc,"Rhowch ei","hi ar y ffurflen.","hoedran",NONE,"ei (her) adds h- before a vowel-initial noun: ei hoedran hi ‘her age’. "
"Prothesis, Possessive","Possessive","ein (our)",amser,noun-masc,"Rydyn ni’n gwerthfawrogi ein","ni.","hamser",NONE,"ein + vowel-initial noun → h-: ein hamser ni. "
"Prothesis, Possessive","Possessive","eu (their)",enwau,noun-pl,"Rhowch y rhestr gyda’u","nhw isod.","henwau",NONE,"eu + vowel-initial noun → h-: eu henwau nhw ‘their names’. "
"None, Possessive","Possessive","eich (your pl/formal)",ysgol,noun-fem,"Ble mae eich","chi heddiw?","ysgol",NONE,"No h- after eich: eich ysgol chi (standard). "
"Prothesis, Possessive","Possessive","ei (her)",addysg,noun-fem,"Mae hi’n parhau ei","hi yn y brifysgol.","haddysg",NONE,"ei (her) + vowel-initial noun → h-: ei haddysg hi ‘her education’. "
"Aspirate, Contact","Possessive","ei (her)",car,noun-masc,"Bu damwain i ei","hi ddoe.","char",AM,"ei (her) causes Aspirate Mutation on c/p/t (c→ch): car→char. No h- because the word starts with a consonant. "
"Aspirate, Contact","Possessive","ei (her)",tŷ,noun-masc,"Prynodd hi ei","hi llynedd.","thŷ",AM,"ei (her) aspirates t→th: tŷ→thŷ. "
"Aspirate, Contact","Possessive","ei (her)",papur,noun-masc,"Gwelais i ei","hi ar y bwrdd.","phapur",AM,"ei (her) aspirates p→ph: papur→phapur. "
"None, Possessive","Possessive","ei (his)",enw,noun-masc,"Beth yw ei","e?","enw",NONE,"ei (his) gives Soft Mutation on consonants, but with a vowel-initial noun there’s no change—and no h-: ei enw e. "
"Prothesis, Possessive","Possessive","ar ei … hi (compound prep + poss.)",ôl,noun-masc,"Cerddodd pawb ar ei","hi.","hôl",NONE,"With compound prepositions the second element takes a possessive; 3sgf can add h- before a vowel: ar ei hôl hi ‘after her’. "
"Prothesis, Possessive","Possessive","wrth ein … ni (compound prep + poss.)",ymyl,noun-masc,"Roedden nhw wrth ein","ni trwy’r cyfarfod.","hymyl",NONE,"ein before a vowel-initial second element can add h-: wrth ein hymyl ni ‘beside us’. "
"Prothesis, Possessive","Possessive","ei (her)",ysgol,noun-fem,"Mae hi’n caru ei","hi yn fawr.","hysgol",NONE,"With ei (her) before a vowel-initial noun, add h- at the start: ei hysgol hi ‘her school’. This is standard; many speakers drop it in speech. "
"Prothesis, Possessive","Possessive","ein (our)",enw,noun-masc,"Beth yw ein","ni ar y rhestr?","henw",NONE,"ein + vowel-initial noun takes h- in the standard language: ein henw ni ‘our name’. "
"None, Possessive","Possessive","eich (your pl/formal)",enw,noun-masc,"Ysgrifennwch eich","chi ar frig y dudalen.","enw",NONE,"Do NOT add h- after eich in the standard language: eich enw chi (not eich henw). "
"Prothesis, Possessive","Possessive","eu (their)",arian,noun-masc,"Maen nhw wedi colli eu","nhw eto.","harian",NONE,"eu + vowel-initial noun takes h-: eu harian nhw ‘their money’. "
"Prothesis, Possessive","Possessive","ei (her)",oedran,noun-masc,"Rhowch ei","hi ar y ffurflen.","hoedran",NONE,"ei (her) adds h- before a vowel-initial noun: ei hoedran hi ‘her age’. "
"Prothesis, Possessive","Possessive","ein (our)",amser,noun-masc,"Rydyn ni’n gwerthfawrogi ein","ni.","hamser",NONE,"ein + vowel-initial noun → h-: ein hamser ni. "
"Prothesis, Possessive","Possessive","eu (their)",enwau,noun-pl,"Rhowch y rhestr gyda’u","nhw isod.","henwau",NONE,"eu + vowel-initial noun → h-: eu henwau nhw ‘their names’. "
"None, Possessive","Possessive","eich (your pl/formal)",ysgol,noun-fem,"Ble mae eich","chi heddiw?","ysgol",NONE,"No h- after eich: eich ysgol chi (standard). "
"Prothesis, Possessive","Possessive","ei (her)",addysg,noun-fem,"Mae hi’n parhau ei","hi yn y brifysgol.","haddysg",NONE,"ei (her) + vowel-initial noun → h-: ei haddysg hi ‘her education’. "
"Aspirate, Contact","Possessive","ei (her)",car,noun-masc,"Bu damwain i ei","hi ddoe.","char",AM,"ei (her) causes Aspirate Mutation on c/p/t (c→ch): car→char. No h- because the word starts with a consonant. "
"Aspirate, Contact","Possessive","ei (her)",tŷ,noun-masc,"Prynodd hi ei","hi llynedd.","thŷ",AM,"ei (her) aspirates t→th: tŷ→thŷ. "
"Aspirate, Contact","Possessive","ei (her)",papur,noun-masc,"Gwelais i ei","hi ar y bwrdd.","phapur",AM,"ei (her) aspirates p→ph: papur→phapur. "
"None, Possessive","Possessive","ei (his)",enw,noun-masc,"Beth yw ei","e?","enw",NONE,"ei (his) gives Soft Mutation on consonants, but with a vowel-initial noun there’s no change—and no h-: ei enw e. "
"Prothesis, Possessive","Possessive","ar ei … hi (compound prep + poss.)",ôl,noun-masc,"Cerddodd pawb ar ei","hi.","hôl",NONE,"With compound prepositions the second element takes a possessive; 3sgf can add h- before a vowel: ar ei hôl hi ‘after her’. "
"Prothesis, Possessive","Possessive","wrth ein … ni (compound prep + poss.)",ymyl,noun-masc,"Roedden nhw wrth ein","ni trwy’r cyfarfod.","hymyl",NONE,"ein before a vowel-initial second element can add h-: wrth ein hymyl ni ‘beside us’. "
"Soft, Contact","TimeExpressions","nos","Mawrth","day","Wela i chdi Nos ",", ta?","Fawrth","SM","Nos + day-name means 'on [day] night'. After nos the day soft-mutates where possible: m→f, so Mawrth→Fawrth. This is a listed contact trigger and is shown in examples. "
"Soft, Contact","TimeExpressions","nos","Mawrth","day","Mae'r dosbarth ar Nos "," am chwech.","Fawrth","SM","After nos the day takes SM where possible (m→f): Mawrth→Fawrth. High-frequency pattern for naming nights. "
"Soft, Contact","TimeExpressions","nos","Mercher","day","Mae cyfarfod pwyllgor Nos "," bob wythnos.","Fercher","SM","Nos triggers Soft Mutation on the day name; m→f gives Mercher→Fercher. "
"Soft, Contact","TimeExpressions","nos","Mercher","day","Ga i fynd allan Nos ","?","Fercher","SM","Use nos + day for 'on [day] night'; SM applies where possible: Mercher→Fercher (m→f). "
"Soft, Contact","TimeExpressions","nos","Gwener","day","Mae gêm fawr Nos "," ar y cae.","Wener","SM","After nos, g- drops under SM, so Gwener→Wener. "
"Soft, Contact","TimeExpressions","nos","Gwener","day","Wnest ti weithio Nos "," y tro diwethaf?","Wener","SM","Contact SM after nos: g→∅, hence Gwener→Wener. "
"Soft, Contact","TimeExpressions","nos","Llun","day","Rydyn ni'n ymarfer Nos "," erbyn saith.","Lun","SM","Nos causes SM on the day name; ll→l, so Llun→Lun. Attested usage 'Nos Lun'. "
"Soft, Contact","TimeExpressions","nos","Llun","day","Cyfarfod tîm Nos "," – dewch yn brydlon.","Lun","SM","With nos + day, apply SM where possible: Llun→Lun (ll→l). See examples of 'Nos Lun'. "
"None","TimeExpressions","nos","Iau","day","Galwad Zoom Nos "," am wyth.","Iau","NONE","Nos still introduces the time phrase, but Iau is vowel-initial so there’s no visible change under SM. "
"None","TimeExpressions","nos","Iau","day","Mae'n dawelach yn y dref Nos ",".","Iau","NONE","Vowel-initial day name: SM cannot show on a vowel, so Iau stays Iau after nos. "
"None","TimeExpressions","nos","Sadwrn","day","A fydd Nos "," am naw yn gyfleus i ti?","Sadwrn","NONE","Example pattern 'Nos Sadwrn…'; initial s has no soft-mutation, so form is unchanged. "
"None","TimeExpressions","nos","Sadwrn","day","Arhoswn adref Nos "," os yw'n bwrw glaw.","Sadwrn","NONE","Nos + day phrase; s- does not mutate under SM, so Sadwrn remains Sadwrn. "
"None","TimeExpressions","nos","Sul","day","Gwasanaeth arbennig Nos "," yn y capel.","Sul","NONE","Sul begins with s, which has no soft-mutation; nos marks the time but the form stays Sul. "
"None","TimeExpressions","nos","Sul","day","Mae ffilm dda Nos "," ar S4C.","Sul","NONE","Time phrase with nos; s- is immutable for SM, so Sul does not change. "


























